"condition_name","cause_id","gbd_level","parent_name","siblings","n_siblings","is_residual","alias","excluded_alias","scope_note"
"Acne vulgaris","661",3,"Skin and subcutaneous diseases","Alopecia areata | Bacterial skin diseases | Decubitus ulcer | Dermatitis | Fungal skin diseases | Other skin and subcutaneous diseases | Pruritus | Psoriasis | Scabies | Urticaria | Viral skin diseases",11,FALSE,NA,NA,NA
"Acute glomerulonephritis","588",3,"Diabetes and kidney diseases","Chronic kidney disease | Diabetes mellitus",2,FALSE,NA,NA,NA
"Acute hepatitis","400",3,"Other infectious diseases","Diphtheria | Encephalitis | Measles | Meningitis | Other unspecified infectious diseases | Pertussis | Tetanus | Varicella and herpes zoster",8,FALSE,NA,NA,NA
"African trypanosomiasis","350",3,"Neglected tropical diseases and malaria","Chagas disease | Cystic echinococcosis | Cysticercosis | Dengue | Ebola | Food-borne trematodiases | Guinea worm disease | Intestinal nematode infections | Leishmaniasis | Leprosy | Lymphatic filariasis | Malaria | Onchocerciasis | Other neglected tropical diseases | Rabies | Schistosomiasis | Trachoma | Yellow fever | Zika virus",19,FALSE,NA,NA,NA
"Age-related and other hearing loss","674",3,"Sense organ diseases","Blindness and vision loss | Other sense organ diseases",2,FALSE,NA,NA,NA
"Alcohol use disorders","560",3,"Substance use disorders","Drug use disorders",1,FALSE,NA,NA,NA
"Alopecia areata","662",3,"Skin and subcutaneous diseases","Acne vulgaris | Bacterial skin diseases | Decubitus ulcer | Dermatitis | Fungal skin diseases | Other skin and subcutaneous diseases | Pruritus | Psoriasis | Scabies | Urticaria | Viral skin diseases",11,FALSE,NA,NA,NA
"Alzheimer's disease and other dementias","543",3,"Neurological disorders","Headache disorders | Idiopathic epilepsy | Motor neuron disease | Multiple sclerosis | Other neurological disorders | Parkinson's disease",6,FALSE,NA,NA,NA
"Anxiety disorders","571",3,"Mental disorders","Attention-deficit/hyperactivity disorder | Autism spectrum disorders | Bipolar disorder | Conduct disorder | Depressive disorders | Eating disorders | Idiopathic developmental intellectual disability | Other mental disorders | Schizophrenia",9,FALSE,NA,NA,NA
"Aortic aneurysm","501",3,"Cardiovascular diseases","Atrial fibrillation and flutter | Cardiomyopathy and myocarditis | Endocarditis | Hypertensive heart disease | Ischemic heart disease | Lower extremity peripheral arterial disease | Non-rheumatic valvular heart disease | Other cardiovascular and circulatory diseases | Pulmonary Arterial Hypertension | Rheumatic heart disease | Stroke",11,FALSE,NA,NA,NA
"Appendicitis","529",3,"Digestive diseases","Cirrhosis and other chronic liver diseases | Gallbladder and biliary diseases | Inflammatory bowel disease | Inguinal, femoral, and abdominal hernia | Other digestive diseases | Pancreatitis | Paralytic ileus and intestinal obstruction | Upper digestive system diseases | Vascular intestinal disorders",9,FALSE,NA,NA,NA
"Asthma","515",3,"Chronic respiratory diseases","Chronic obstructive pulmonary disease | Interstitial lung disease and pulmonary sarcoidosis | Other chronic respiratory diseases | Pneumoconiosis",4,FALSE,NA,NA,NA
"Atrial fibrillation and flutter","500",3,"Cardiovascular diseases","Aortic aneurysm | Cardiomyopathy and myocarditis | Endocarditis | Hypertensive heart disease | Ischemic heart disease | Lower extremity peripheral arterial disease | Non-rheumatic valvular heart disease | Other cardiovascular and circulatory diseases | Pulmonary Arterial Hypertension | Rheumatic heart disease | Stroke",11,FALSE,NA,NA,NA
"Attention-deficit/hyperactivity disorder","578",3,"Mental disorders","Anxiety disorders | Autism spectrum disorders | Bipolar disorder | Conduct disorder | Depressive disorders | Eating disorders | Idiopathic developmental intellectual disability | Other mental disorders | Schizophrenia",9,FALSE,NA,NA,NA
"Autism spectrum disorders","575",3,"Mental disorders","Anxiety disorders | Attention-deficit/hyperactivity disorder | Bipolar disorder | Conduct disorder | Depressive disorders | Eating disorders | Idiopathic developmental intellectual disability | Other mental disorders | Schizophrenia",9,FALSE,NA,NA,NA
"Bacterial skin diseases","980",3,"Skin and subcutaneous diseases","Acne vulgaris | Alopecia areata | Decubitus ulcer | Dermatitis | Fungal skin diseases | Other skin and subcutaneous diseases | Pruritus | Psoriasis | Scabies | Urticaria | Viral skin diseases",11,FALSE,NA,NA,NA
"Bipolar disorder","570",3,"Mental disorders","Anxiety disorders | Attention-deficit/hyperactivity disorder | Autism spectrum disorders | Conduct disorder | Depressive disorders | Eating disorders | Idiopathic developmental intellectual disability | Other mental disorders | Schizophrenia",9,FALSE,NA,NA,NA
"Bladder cancer","474",3,"Neoplasms","Brain and central nervous system cancer | Breast cancer | Cervical cancer | Colon and rectum cancer | Esophageal cancer | Eye cancer | Gallbladder and biliary tract cancer | Hodgkin lymphoma | Kidney cancer | Larynx cancer | Leukemia | Lip and oral cavity cancer | Liver cancer | Malignant neoplasm of bone and articular cartilage | Malignant skin melanoma | Mesothelioma | Multiple myeloma | Nasopharynx cancer | Neuroblastoma and other peripheral nervous cell tumors | Non-Hodgkin lymphoma | Non-melanoma skin cancer | Other malignant neoplasms | Other neoplasms | Other pharynx cancer | Ovarian cancer | Pancreatic cancer | Prostate cancer | Soft tissue and other extraosseous sarcomas | Stomach cancer | Testicular cancer | Thyroid cancer | Tracheal, bronchus, and lung cancer | Uterine cancer",33,FALSE,NA,NA,NA
"Blindness and vision loss","981",3,"Sense organ diseases","Age-related and other hearing loss | Other sense organ diseases",2,FALSE,NA,NA,NA
"Brain and central nervous system cancer","477",3,"Neoplasms","Bladder cancer | Breast cancer | Cervical cancer | Colon and rectum cancer | Esophageal cancer | Eye cancer | Gallbladder and biliary tract cancer | Hodgkin lymphoma | Kidney cancer | Larynx cancer | Leukemia | Lip and oral cavity cancer | Liver cancer | Malignant neoplasm of bone and articular cartilage | Malignant skin melanoma | Mesothelioma | Multiple myeloma | Nasopharynx cancer | Neuroblastoma and other peripheral nervous cell tumors | Non-Hodgkin lymphoma | Non-melanoma skin cancer | Other malignant neoplasms | Other neoplasms | Other pharynx cancer | Ovarian cancer | Pancreatic cancer | Prostate cancer | Soft tissue and other extraosseous sarcomas | Stomach cancer | Testicular cancer | Thyroid cancer | Tracheal, bronchus, and lung cancer | Uterine cancer",33,FALSE,NA,NA,NA
"Breast cancer","429",3,"Neoplasms","Bladder cancer | Brain and central nervous system cancer | Cervical cancer | Colon and rectum cancer | Esophageal cancer | Eye cancer | Gallbladder and biliary tract cancer | Hodgkin lymphoma | Kidney cancer | Larynx cancer | Leukemia | Lip and oral cavity cancer | Liver cancer | Malignant neoplasm of bone and articular cartilage | Malignant skin melanoma | Mesothelioma | Multiple myeloma | Nasopharynx cancer | Neuroblastoma and other peripheral nervous cell tumors | Non-Hodgkin lymphoma | Non-melanoma skin cancer | Other malignant neoplasms | Other neoplasms | Other pharynx cancer | Ovarian cancer | Pancreatic cancer | Prostate cancer | Soft tissue and other extraosseous sarcomas | Stomach cancer | Testicular cancer | Thyroid cancer | Tracheal, bronchus, and lung cancer | Uterine cancer",33,FALSE,NA,NA,NA
"COVID-19","1048",3,"Respiratory infections and tuberculosis","Lower respiratory infections | Otitis media | Tuberculosis | Upper respiratory infections",4,FALSE,NA,NA,NA
"Cardiomyopathy and myocarditis","499",3,"Cardiovascular diseases","Aortic aneurysm | Atrial fibrillation and flutter | Endocarditis | Hypertensive heart disease | Ischemic heart disease | Lower extremity peripheral arterial disease | Non-rheumatic valvular heart disease | Other cardiovascular and circulatory diseases | Pulmonary Arterial Hypertension | Rheumatic heart disease | Stroke",11,FALSE,NA,NA,NA
"Cervical cancer","432",3,"Neoplasms","Bladder cancer | Brain and central nervous system cancer | Breast cancer | Colon and rectum cancer | Esophageal cancer | Eye cancer | Gallbladder and biliary tract cancer | Hodgkin lymphoma | Kidney cancer | Larynx cancer | Leukemia | Lip and oral cavity cancer | Liver cancer | Malignant neoplasm of bone and articular cartilage | Malignant skin melanoma | Mesothelioma | Multiple myeloma | Nasopharynx cancer | Neuroblastoma and other peripheral nervous cell tumors | Non-Hodgkin lymphoma | Non-melanoma skin cancer | Other malignant neoplasms | Other neoplasms | Other pharynx cancer | Ovarian cancer | Pancreatic cancer | Prostate cancer | Soft tissue and other extraosseous sarcomas | Stomach cancer | Testicular cancer | Thyroid cancer | Tracheal, bronchus, and lung cancer | Uterine cancer",33,FALSE,NA,NA,NA
"Chagas disease","346",3,"Neglected tropical diseases and malaria","African trypanosomiasis | Cystic echinococcosis | Cysticercosis | Dengue | Ebola | Food-borne trematodiases | Guinea worm disease | Intestinal nematode infections | Leishmaniasis | Leprosy | Lymphatic filariasis | Malaria | Onchocerciasis | Other neglected tropical diseases | Rabies | Schistosomiasis | Trachoma | Yellow fever | Zika virus",19,FALSE,NA,NA,NA
"Chronic kidney disease","589",3,"Diabetes and kidney diseases","Acute glomerulonephritis | Diabetes mellitus",2,FALSE,NA,NA,NA
"Chronic obstructive pulmonary disease","509",3,"Chronic respiratory diseases","Asthma | Interstitial lung disease and pulmonary sarcoidosis | Other chronic respiratory diseases | Pneumoconiosis",4,FALSE,NA,NA,NA
"Cirrhosis and other chronic liver diseases","521",3,"Digestive diseases","Appendicitis | Gallbladder and biliary diseases | Inflammatory bowel disease | Inguinal, femoral, and abdominal hernia | Other digestive diseases | Pancreatitis | Paralytic ileus and intestinal obstruction | Upper digestive system diseases | Vascular intestinal disorders",9,FALSE,NA,NA,NA
"Colon and rectum cancer","441",3,"Neoplasms","Bladder cancer | Brain and central nervous system cancer | Breast cancer | Cervical cancer | Esophageal cancer | Eye cancer | Gallbladder and biliary tract cancer | Hodgkin lymphoma | Kidney cancer | Larynx cancer | Leukemia | Lip and oral cavity cancer | Liver cancer | Malignant neoplasm of bone and articular cartilage | Malignant skin melanoma | Mesothelioma | Multiple myeloma | Nasopharynx cancer | Neuroblastoma and other peripheral nervous cell tumors | Non-Hodgkin lymphoma | Non-melanoma skin cancer | Other malignant neoplasms | Other neoplasms | Other pharynx cancer | Ovarian cancer | Pancreatic cancer | Prostate cancer | Soft tissue and other extraosseous sarcomas | Stomach cancer | Testicular cancer | Thyroid cancer | Tracheal, bronchus, and lung cancer | Uterine cancer",33,FALSE,NA,NA,NA
"Conduct disorder","579",3,"Mental disorders","Anxiety disorders | Attention-deficit/hyperactivity disorder | Autism spectrum disorders | Bipolar disorder | Depressive disorders | Eating disorders | Idiopathic developmental intellectual disability | Other mental disorders | Schizophrenia",9,FALSE,NA,NA,NA
"Congenital birth defects","641",3,"Other non-communicable diseases","Endocrine, metabolic, blood, and immune disorders | Gynecological diseases | Hemoglobinopathies and hemolytic anemias | Oral disorders | Sudden infant death syndrome | Urinary diseases and male infertility",6,FALSE,NA,NA,NA
"Cystic echinococcosis","353",3,"Neglected tropical diseases and malaria","African trypanosomiasis | Chagas disease | Cysticercosis | Dengue | Ebola | Food-borne trematodiases | Guinea worm disease | Intestinal nematode infections | Leishmaniasis | Leprosy | Lymphatic filariasis | Malaria | Onchocerciasis | Other neglected tropical diseases | Rabies | Schistosomiasis | Trachoma | Yellow fever | Zika virus",19,FALSE,NA,NA,NA
"Cysticercosis","352",3,"Neglected tropical diseases and malaria","African trypanosomiasis | Chagas disease | Cystic echinococcosis | Dengue | Ebola | Food-borne trematodiases | Guinea worm disease | Intestinal nematode infections | Leishmaniasis | Leprosy | Lymphatic filariasis | Malaria | Onchocerciasis | Other neglected tropical diseases | Rabies | Schistosomiasis | Trachoma | Yellow fever | Zika virus",19,FALSE,NA,NA,NA
"Decubitus ulcer","665",3,"Skin and subcutaneous diseases","Acne vulgaris | Alopecia areata | Bacterial skin diseases | Dermatitis | Fungal skin diseases | Other skin and subcutaneous diseases | Pruritus | Psoriasis | Scabies | Urticaria | Viral skin diseases",11,FALSE,NA,NA,NA
"Dengue","357",3,"Neglected tropical diseases and malaria","African trypanosomiasis | Chagas disease | Cystic echinococcosis | Cysticercosis | Ebola | Food-borne trematodiases | Guinea worm disease | Intestinal nematode infections | Leishmaniasis | Leprosy | Lymphatic filariasis | Malaria | Onchocerciasis | Other neglected tropical diseases | Rabies | Schistosomiasis | Trachoma | Yellow fever | Zika virus",19,FALSE,NA,NA,NA
"Depressive disorders","567",3,"Mental disorders","Anxiety disorders | Attention-deficit/hyperactivity disorder | Autism spectrum disorders | Bipolar disorder | Conduct disorder | Eating disorders | Idiopathic developmental intellectual disability | Other mental disorders | Schizophrenia",9,FALSE,NA,NA,NA
"Dermatitis","654",3,"Skin and subcutaneous diseases","Acne vulgaris | Alopecia areata | Bacterial skin diseases | Decubitus ulcer | Fungal skin diseases | Other skin and subcutaneous diseases | Pruritus | Psoriasis | Scabies | Urticaria | Viral skin diseases",11,FALSE,NA,NA,NA
"Diabetes mellitus","587",3,"Diabetes and kidney diseases","Acute glomerulonephritis | Chronic kidney disease",2,FALSE,NA,NA,NA
"Diarrheal diseases","302",3,"Enteric infections","Invasive Non-typhoidal Salmonella (iNTS) | Other intestinal infectious diseases | Typhoid and paratyphoid",3,FALSE,NA,NA,NA
"Dietary iron deficiency","390",3,"Nutritional deficiencies","Iodine deficiency | Other nutritional deficiencies | Protein-energy malnutrition | Vitamin A deficiency",4,FALSE,NA,NA,NA
"Diphtheria","338",3,"Other infectious diseases","Acute hepatitis | Encephalitis | Measles | Meningitis | Other unspecified infectious diseases | Pertussis | Tetanus | Varicella and herpes zoster",8,FALSE,NA,NA,NA
"Drug use disorders","561",3,"Substance use disorders","Alcohol use disorders",1,FALSE,NA,NA,NA
"Eating disorders","572",3,"Mental disorders","Anxiety disorders | Attention-deficit/hyperactivity disorder | Autism spectrum disorders | Bipolar disorder | Conduct disorder | Depressive disorders | Idiopathic developmental intellectual disability | Other mental disorders | Schizophrenia",9,FALSE,NA,NA,NA
"Ebola","843",3,"Neglected tropical diseases and malaria","African trypanosomiasis | Chagas disease | Cystic echinococcosis | Cysticercosis | Dengue | Food-borne trematodiases | Guinea worm disease | Intestinal nematode infections | Leishmaniasis | Leprosy | Lymphatic filariasis | Malaria | Onchocerciasis | Other neglected tropical diseases | Rabies | Schistosomiasis | Trachoma | Yellow fever | Zika virus",19,FALSE,NA,NA,NA
"Electrocution","940",3,"Unintentional injuries","",0,FALSE,NA,NA,NA
"Encephalitis","337",3,"Other infectious diseases","Acute hepatitis | Diphtheria | Measles | Meningitis | Other unspecified infectious diseases | Pertussis | Tetanus | Varicella and herpes zoster",8,FALSE,NA,NA,NA
"Endocarditis","503",3,"Cardiovascular diseases","Aortic aneurysm | Atrial fibrillation and flutter | Cardiomyopathy and myocarditis | Hypertensive heart disease | Ischemic heart disease | Lower extremity peripheral arterial disease | Non-rheumatic valvular heart disease | Other cardiovascular and circulatory diseases | Pulmonary Arterial Hypertension | Rheumatic heart disease | Stroke",11,FALSE,NA,NA,NA
"Endocrine, metabolic, blood, and immune disorders","619",3,"Other non-communicable diseases","Congenital birth defects | Gynecological diseases | Hemoglobinopathies and hemolytic anemias | Oral disorders | Sudden infant death syndrome | Urinary diseases and male infertility",6,FALSE,NA,NA,NA
"Esophageal cancer","411",3,"Neoplasms","Bladder cancer | Brain and central nervous system cancer | Breast cancer | Cervical cancer | Colon and rectum cancer | Eye cancer | Gallbladder and biliary tract cancer | Hodgkin lymphoma | Kidney cancer | Larynx cancer | Leukemia | Lip and oral cavity cancer | Liver cancer | Malignant neoplasm of bone and articular cartilage | Malignant skin melanoma | Mesothelioma | Multiple myeloma | Nasopharynx cancer | Neuroblastoma and other peripheral nervous cell tumors | Non-Hodgkin lymphoma | Non-melanoma skin cancer | Other malignant neoplasms | Other neoplasms | Other pharynx cancer | Ovarian cancer | Pancreatic cancer | Prostate cancer | Soft tissue and other extraosseous sarcomas | Stomach cancer | Testicular cancer | Thyroid cancer | Tracheal, bronchus, and lung cancer | Uterine cancer",33,FALSE,NA,NA,NA
"Eye cancer","1008",3,"Neoplasms","Bladder cancer | Brain and central nervous system cancer | Breast cancer | Cervical cancer | Colon and rectum cancer | Esophageal cancer | Gallbladder and biliary tract cancer | Hodgkin lymphoma | Kidney cancer | Larynx cancer | Leukemia | Lip and oral cavity cancer | Liver cancer | Malignant neoplasm of bone and articular cartilage | Malignant skin melanoma | Mesothelioma | Multiple myeloma | Nasopharynx cancer | Neuroblastoma and other peripheral nervous cell tumors | Non-Hodgkin lymphoma | Non-melanoma skin cancer | Other malignant neoplasms | Other neoplasms | Other pharynx cancer | Ovarian cancer | Pancreatic cancer | Prostate cancer | Soft tissue and other extraosseous sarcomas | Stomach cancer | Testicular cancer | Thyroid cancer | Tracheal, bronchus, and lung cancer | Uterine cancer",33,FALSE,NA,NA,NA
"Food-borne trematodiases","364",3,"Neglected tropical diseases and malaria","African trypanosomiasis | Chagas disease | Cystic echinococcosis | Cysticercosis | Dengue | Ebola | Guinea worm disease | Intestinal nematode infections | Leishmaniasis | Leprosy | Lymphatic filariasis | Malaria | Onchocerciasis | Other neglected tropical diseases | Rabies | Schistosomiasis | Trachoma | Yellow fever | Zika virus",19,FALSE,NA,NA,NA
"Fungal skin diseases","659",3,"Skin and subcutaneous diseases","Acne vulgaris | Alopecia areata | Bacterial skin diseases | Decubitus ulcer | Dermatitis | Other skin and subcutaneous diseases | Pruritus | Psoriasis | Scabies | Urticaria | Viral skin diseases",11,FALSE,NA,NA,NA
"Gallbladder and biliary diseases","534",3,"Digestive diseases","Appendicitis | Cirrhosis and other chronic liver diseases | Inflammatory bowel disease | Inguinal, femoral, and abdominal hernia | Other digestive diseases | Pancreatitis | Paralytic ileus and intestinal obstruction | Upper digestive system diseases | Vascular intestinal disorders",9,FALSE,NA,NA,NA
"Gallbladder and biliary tract cancer","453",3,"Neoplasms","Bladder cancer | Brain and central nervous system cancer | Breast cancer | Cervical cancer | Colon and rectum cancer | Esophageal cancer | Eye cancer | Hodgkin lymphoma | Kidney cancer | Larynx cancer | Leukemia | Lip and oral cavity cancer | Liver cancer | Malignant neoplasm of bone and articular cartilage | Malignant skin melanoma | Mesothelioma | Multiple myeloma | Nasopharynx cancer | Neuroblastoma and other peripheral nervous cell tumors | Non-Hodgkin lymphoma | Non-melanoma skin cancer | Other malignant neoplasms | Other neoplasms | Other pharynx cancer | Ovarian cancer | Pancreatic cancer | Prostate cancer | Soft tissue and other extraosseous sarcomas | Stomach cancer | Testicular cancer | Thyroid cancer | Tracheal, bronchus, and lung cancer | Uterine cancer",33,FALSE,NA,NA,NA
"Gout","632",3,"Musculoskeletal disorders","Low back pain | Neck pain | Osteoarthritis | Other musculoskeletal disorders | Rheumatoid arthritis",5,FALSE,NA,NA,NA
"Guinea worm disease","936",3,"Neglected tropical diseases and malaria","African trypanosomiasis | Chagas disease | Cystic echinococcosis | Cysticercosis | Dengue | Ebola | Food-borne trematodiases | Intestinal nematode infections | Leishmaniasis | Leprosy | Lymphatic filariasis | Malaria | Onchocerciasis | Other neglected tropical diseases | Rabies | Schistosomiasis | Trachoma | Yellow fever | Zika virus",19,FALSE,NA,NA,NA
"Gynecological diseases","603",3,"Other non-communicable diseases","Congenital birth defects | Endocrine, metabolic, blood, and immune disorders | Hemoglobinopathies and hemolytic anemias | Oral disorders | Sudden infant death syndrome | Urinary diseases and male infertility",6,FALSE,NA,NA,NA
"HIV/AIDS","298",3,"HIV/AIDS and sexually transmitted infections","Sexually transmitted infections excluding HIV",1,FALSE,NA,NA,NA
"Headache disorders","972",3,"Neurological disorders","Alzheimer's disease and other dementias | Idiopathic epilepsy | Motor neuron disease | Multiple sclerosis | Other neurological disorders | Parkinson's disease",6,FALSE,NA,NA,NA
"Hemoglobinopathies and hemolytic anemias","613",3,"Other non-communicable diseases","Congenital birth defects | Endocrine, metabolic, blood, and immune disorders | Gynecological diseases | Oral disorders | Sudden infant death syndrome | Urinary diseases and male infertility",6,FALSE,NA,NA,NA
"Hodgkin lymphoma","484",3,"Neoplasms","Bladder cancer | Brain and central nervous system cancer | Breast cancer | Cervical cancer | Colon and rectum cancer | Esophageal cancer | Eye cancer | Gallbladder and biliary tract cancer | Kidney cancer | Larynx cancer | Leukemia | Lip and oral cavity cancer | Liver cancer | Malignant neoplasm of bone and articular cartilage | Malignant skin melanoma | Mesothelioma | Multiple myeloma | Nasopharynx cancer | Neuroblastoma and other peripheral nervous cell tumors | Non-Hodgkin lymphoma | Non-melanoma skin cancer | Other malignant neoplasms | Other neoplasms | Other pharynx cancer | Ovarian cancer | Pancreatic cancer | Prostate cancer | Soft tissue and other extraosseous sarcomas | Stomach cancer | Testicular cancer | Thyroid cancer | Tracheal, bronchus, and lung cancer | Uterine cancer",33,FALSE,NA,NA,NA
"Hypertensive heart disease","498",3,"Cardiovascular diseases","Aortic aneurysm | Atrial fibrillation and flutter | Cardiomyopathy and myocarditis | Endocarditis | Ischemic heart disease | Lower extremity peripheral arterial disease | Non-rheumatic valvular heart disease | Other cardiovascular and circulatory diseases | Pulmonary Arterial Hypertension | Rheumatic heart disease | Stroke",11,FALSE,NA,NA,NA
"Idiopathic developmental intellectual disability","582",3,"Mental disorders","Anxiety disorders | Attention-deficit/hyperactivity disorder | Autism spectrum disorders | Bipolar disorder | Conduct disorder | Depressive disorders | Eating disorders | Other mental disorders | Schizophrenia",9,FALSE,NA,NA,NA
"Idiopathic epilepsy","545",3,"Neurological disorders","Alzheimer's disease and other dementias | Headache disorders | Motor neuron disease | Multiple sclerosis | Other neurological disorders | Parkinson's disease",6,FALSE,NA,NA,NA
"Inflammatory bowel disease","532",3,"Digestive diseases","Appendicitis | Cirrhosis and other chronic liver diseases | Gallbladder and biliary diseases | Inguinal, femoral, and abdominal hernia | Other digestive diseases | Pancreatitis | Paralytic ileus and intestinal obstruction | Upper digestive system diseases | Vascular intestinal disorders",9,FALSE,NA,NA,NA
"Inguinal, femoral, and abdominal hernia","531",3,"Digestive diseases","Appendicitis | Cirrhosis and other chronic liver diseases | Gallbladder and biliary diseases | Inflammatory bowel disease | Other digestive diseases | Pancreatitis | Paralytic ileus and intestinal obstruction | Upper digestive system diseases | Vascular intestinal disorders",9,FALSE,NA,NA,NA
"Interstitial lung disease and pulmonary sarcoidosis","516",3,"Chronic respiratory diseases","Asthma | Chronic obstructive pulmonary disease | Other chronic respiratory diseases | Pneumoconiosis",4,FALSE,NA,NA,NA
"Intestinal nematode infections","360",3,"Neglected tropical diseases and malaria","African trypanosomiasis | Chagas disease | Cystic echinococcosis | Cysticercosis | Dengue | Ebola | Food-borne trematodiases | Guinea worm disease | Leishmaniasis | Leprosy | Lymphatic filariasis | Malaria | Onchocerciasis | Other neglected tropical diseases | Rabies | Schistosomiasis | Trachoma | Yellow fever | Zika virus",19,FALSE,NA,NA,NA
"Invasive Non-typhoidal Salmonella (iNTS)","959",3,"Enteric infections","Diarrheal diseases | Other intestinal infectious diseases | Typhoid and paratyphoid",3,FALSE,NA,NA,NA
"Iodine deficiency","388",3,"Nutritional deficiencies","Dietary iron deficiency | Other nutritional deficiencies | Protein-energy malnutrition | Vitamin A deficiency",4,FALSE,NA,NA,NA
"Ischemic heart disease","493",3,"Cardiovascular diseases","Aortic aneurysm | Atrial fibrillation and flutter | Cardiomyopathy and myocarditis | Endocarditis | Hypertensive heart disease | Lower extremity peripheral arterial disease | Non-rheumatic valvular heart disease | Other cardiovascular and circulatory diseases | Pulmonary Arterial Hypertension | Rheumatic heart disease | Stroke",11,FALSE,NA,NA,NA
"Kidney cancer","471",3,"Neoplasms","Bladder cancer | Brain and central nervous system cancer | Breast cancer | Cervical cancer | Colon and rectum cancer | Esophageal cancer | Eye cancer | Gallbladder and biliary tract cancer | Hodgkin lymphoma | Larynx cancer | Leukemia | Lip and oral cavity cancer | Liver cancer | Malignant neoplasm of bone and articular cartilage | Malignant skin melanoma | Mesothelioma | Multiple myeloma | Nasopharynx cancer | Neuroblastoma and other peripheral nervous cell tumors | Non-Hodgkin lymphoma | Non-melanoma skin cancer | Other malignant neoplasms | Other neoplasms | Other pharynx cancer | Ovarian cancer | Pancreatic cancer | Prostate cancer | Soft tissue and other extraosseous sarcomas | Stomach cancer | Testicular cancer | Thyroid cancer | Tracheal, bronchus, and lung cancer | Uterine cancer",33,FALSE,NA,NA,NA
"Larynx cancer","423",3,"Neoplasms","Bladder cancer | Brain and central nervous system cancer | Breast cancer | Cervical cancer | Colon and rectum cancer | Esophageal cancer | Eye cancer | Gallbladder and biliary tract cancer | Hodgkin lymphoma | Kidney cancer | Leukemia | Lip and oral cavity cancer | Liver cancer | Malignant neoplasm of bone and articular cartilage | Malignant skin melanoma | Mesothelioma | Multiple myeloma | Nasopharynx cancer | Neuroblastoma and other peripheral nervous cell tumors | Non-Hodgkin lymphoma | Non-melanoma skin cancer | Other malignant neoplasms | Other neoplasms | Other pharynx cancer | Ovarian cancer | Pancreatic cancer | Prostate cancer | Soft tissue and other extraosseous sarcomas | Stomach cancer | Testicular cancer | Thyroid cancer | Tracheal, bronchus, and lung cancer | Uterine cancer",33,FALSE,NA,NA,NA
"Leishmaniasis","347",3,"Neglected tropical diseases and malaria","African trypanosomiasis | Chagas disease | Cystic echinococcosis | Cysticercosis | Dengue | Ebola | Food-borne trematodiases | Guinea worm disease | Intestinal nematode infections | Leprosy | Lymphatic filariasis | Malaria | Onchocerciasis | Other neglected tropical diseases | Rabies | Schistosomiasis | Trachoma | Yellow fever | Zika virus",19,FALSE,NA,NA,NA
"Leprosy","405",3,"Neglected tropical diseases and malaria","African trypanosomiasis | Chagas disease | Cystic echinococcosis | Cysticercosis | Dengue | Ebola | Food-borne trematodiases | Guinea worm disease | Intestinal nematode infections | Leishmaniasis | Lymphatic filariasis | Malaria | Onchocerciasis | Other neglected tropical diseases | Rabies | Schistosomiasis | Trachoma | Yellow fever | Zika virus",19,FALSE,NA,NA,NA
"Leukemia","487",3,"Neoplasms","Bladder cancer | Brain and central nervous system cancer | Breast cancer | Cervical cancer | Colon and rectum cancer | Esophageal cancer | Eye cancer | Gallbladder and biliary tract cancer | Hodgkin lymphoma | Kidney cancer | Larynx cancer | Lip and oral cavity cancer | Liver cancer | Malignant neoplasm of bone and articular cartilage | Malignant skin melanoma | Mesothelioma | Multiple myeloma | Nasopharynx cancer | Neuroblastoma and other peripheral nervous cell tumors | Non-Hodgkin lymphoma | Non-melanoma skin cancer | Other malignant neoplasms | Other neoplasms | Other pharynx cancer | Ovarian cancer | Pancreatic cancer | Prostate cancer | Soft tissue and other extraosseous sarcomas | Stomach cancer | Testicular cancer | Thyroid cancer | Tracheal, bronchus, and lung cancer | Uterine cancer",33,FALSE,NA,NA,NA
"Lip and oral cavity cancer","444",3,"Neoplasms","Bladder cancer | Brain and central nervous system cancer | Breast cancer | Cervical cancer | Colon and rectum cancer | Esophageal cancer | Eye cancer | Gallbladder and biliary tract cancer | Hodgkin lymphoma | Kidney cancer | Larynx cancer | Leukemia | Liver cancer | Malignant neoplasm of bone and articular cartilage | Malignant skin melanoma | Mesothelioma | Multiple myeloma | Nasopharynx cancer | Neuroblastoma and other peripheral nervous cell tumors | Non-Hodgkin lymphoma | Non-melanoma skin cancer | Other malignant neoplasms | Other neoplasms | Other pharynx cancer | Ovarian cancer | Pancreatic cancer | Prostate cancer | Soft tissue and other extraosseous sarcomas | Stomach cancer | Testicular cancer | Thyroid cancer | Tracheal, bronchus, and lung cancer | Uterine cancer",33,FALSE,NA,NA,NA
"Liver cancer","417",3,"Neoplasms","Bladder cancer | Brain and central nervous system cancer | Breast cancer | Cervical cancer | Colon and rectum cancer | Esophageal cancer | Eye cancer | Gallbladder and biliary tract cancer | Hodgkin lymphoma | Kidney cancer | Larynx cancer | Leukemia | Lip and oral cavity cancer | Malignant neoplasm of bone and articular cartilage | Malignant skin melanoma | Mesothelioma | Multiple myeloma | Nasopharynx cancer | Neuroblastoma and other peripheral nervous cell tumors | Non-Hodgkin lymphoma | Non-melanoma skin cancer | Other malignant neoplasms | Other neoplasms | Other pharynx cancer | Ovarian cancer | Pancreatic cancer | Prostate cancer | Soft tissue and other extraosseous sarcomas | Stomach cancer | Testicular cancer | Thyroid cancer | Tracheal, bronchus, and lung cancer | Uterine cancer",33,FALSE,NA,NA,NA
"Low back pain","630",3,"Musculoskeletal disorders","Gout | Neck pain | Osteoarthritis | Other musculoskeletal disorders | Rheumatoid arthritis",5,FALSE,NA,NA,NA
"Lower extremity peripheral arterial disease","502",3,"Cardiovascular diseases","Aortic aneurysm | Atrial fibrillation and flutter | Cardiomyopathy and myocarditis | Endocarditis | Hypertensive heart disease | Ischemic heart disease | Non-rheumatic valvular heart disease | Other cardiovascular and circulatory diseases | Pulmonary Arterial Hypertension | Rheumatic heart disease | Stroke",11,FALSE,NA,NA,NA
"Lower respiratory infections","322",3,"Respiratory infections and tuberculosis","COVID-19 | Otitis media | Tuberculosis | Upper respiratory infections",4,FALSE,NA,NA,NA
"Lymphatic filariasis","354",3,"Neglected tropical diseases and malaria","African trypanosomiasis | Chagas disease | Cystic echinococcosis | Cysticercosis | Dengue | Ebola | Food-borne trematodiases | Guinea worm disease | Intestinal nematode infections | Leishmaniasis | Leprosy | Malaria | Onchocerciasis | Other neglected tropical diseases | Rabies | Schistosomiasis | Trachoma | Yellow fever | Zika virus",19,FALSE,NA,NA,NA
"Malaria","345",3,"Neglected tropical diseases and malaria","African trypanosomiasis | Chagas disease | Cystic echinococcosis | Cysticercosis | Dengue | Ebola | Food-borne trematodiases | Guinea worm disease | Intestinal nematode infections | Leishmaniasis | Leprosy | Lymphatic filariasis | Onchocerciasis | Other neglected tropical diseases | Rabies | Schistosomiasis | Trachoma | Yellow fever | Zika virus",19,FALSE,NA,NA,NA
"Malignant neoplasm of bone and articular cartilage","1012",3,"Neoplasms","Bladder cancer | Brain and central nervous system cancer | Breast cancer | Cervical cancer | Colon and rectum cancer | Esophageal cancer | Eye cancer | Gallbladder and biliary tract cancer | Hodgkin lymphoma | Kidney cancer | Larynx cancer | Leukemia | Lip and oral cavity cancer | Liver cancer | Malignant skin melanoma | Mesothelioma | Multiple myeloma | Nasopharynx cancer | Neuroblastoma and other peripheral nervous cell tumors | Non-Hodgkin lymphoma | Non-melanoma skin cancer | Other malignant neoplasms | Other neoplasms | Other pharynx cancer | Ovarian cancer | Pancreatic cancer | Prostate cancer | Soft tissue and other extraosseous sarcomas | Stomach cancer | Testicular cancer | Thyroid cancer | Tracheal, bronchus, and lung cancer | Uterine cancer",33,FALSE,NA,NA,NA
"Malignant skin melanoma","459",3,"Neoplasms","Bladder cancer | Brain and central nervous system cancer | Breast cancer | Cervical cancer | Colon and rectum cancer | Esophageal cancer | Eye cancer | Gallbladder and biliary tract cancer | Hodgkin lymphoma | Kidney cancer | Larynx cancer | Leukemia | Lip and oral cavity cancer | Liver cancer | Malignant neoplasm of bone and articular cartilage | Mesothelioma | Multiple myeloma | Nasopharynx cancer | Neuroblastoma and other peripheral nervous cell tumors | Non-Hodgkin lymphoma | Non-melanoma skin cancer | Other malignant neoplasms | Other neoplasms | Other pharynx cancer | Ovarian cancer | Pancreatic cancer | Prostate cancer | Soft tissue and other extraosseous sarcomas | Stomach cancer | Testicular cancer | Thyroid cancer | Tracheal, bronchus, and lung cancer | Uterine cancer",33,FALSE,NA,NA,NA
"Maternal disorders","366",3,"Maternal and neonatal disorders","Neonatal disorders",1,FALSE,NA,NA,NA
"Measles","341",3,"Other infectious diseases","Acute hepatitis | Diphtheria | Encephalitis | Meningitis | Other unspecified infectious diseases | Pertussis | Tetanus | Varicella and herpes zoster",8,FALSE,NA,NA,NA
"Meningitis","332",3,"Other infectious diseases","Acute hepatitis | Diphtheria | Encephalitis | Measles | Other unspecified infectious diseases | Pertussis | Tetanus | Varicella and herpes zoster",8,FALSE,NA,NA,NA
"Mesothelioma","483",3,"Neoplasms","Bladder cancer | Brain and central nervous system cancer | Breast cancer | Cervical cancer | Colon and rectum cancer | Esophageal cancer | Eye cancer | Gallbladder and biliary tract cancer | Hodgkin lymphoma | Kidney cancer | Larynx cancer | Leukemia | Lip and oral cavity cancer | Liver cancer | Malignant neoplasm of bone and articular cartilage | Malignant skin melanoma | Multiple myeloma | Nasopharynx cancer | Neuroblastoma and other peripheral nervous cell tumors | Non-Hodgkin lymphoma | Non-melanoma skin cancer | Other malignant neoplasms | Other neoplasms | Other pharynx cancer | Ovarian cancer | Pancreatic cancer | Prostate cancer | Soft tissue and other extraosseous sarcomas | Stomach cancer | Testicular cancer | Thyroid cancer | Tracheal, bronchus, and lung cancer | Uterine cancer",33,FALSE,NA,NA,NA
"Motor neuron disease","554",3,"Neurological disorders","Alzheimer's disease and other dementias | Headache disorders | Idiopathic epilepsy | Multiple sclerosis | Other neurological disorders | Parkinson's disease",6,FALSE,NA,NA,NA
"Multiple myeloma","486",3,"Neoplasms","Bladder cancer | Brain and central nervous system cancer | Breast cancer | Cervical cancer | Colon and rectum cancer | Esophageal cancer | Eye cancer | Gallbladder and biliary tract cancer | Hodgkin lymphoma | Kidney cancer | Larynx cancer | Leukemia | Lip and oral cavity cancer | Liver cancer | Malignant neoplasm of bone and articular cartilage | Malignant skin melanoma | Mesothelioma | Nasopharynx cancer | Neuroblastoma and other peripheral nervous cell tumors | Non-Hodgkin lymphoma | Non-melanoma skin cancer | Other malignant neoplasms | Other neoplasms | Other pharynx cancer | Ovarian cancer | Pancreatic cancer | Prostate cancer | Soft tissue and other extraosseous sarcomas | Stomach cancer | Testicular cancer | Thyroid cancer | Tracheal, bronchus, and lung cancer | Uterine cancer",33,FALSE,NA,NA,NA
"Multiple sclerosis","546",3,"Neurological disorders","Alzheimer's disease and other dementias | Headache disorders | Idiopathic epilepsy | Motor neuron disease | Other neurological disorders | Parkinson's disease",6,FALSE,NA,NA,NA
"Nasopharynx cancer","447",3,"Neoplasms","Bladder cancer | Brain and central nervous system cancer | Breast cancer | Cervical cancer | Colon and rectum cancer | Esophageal cancer | Eye cancer | Gallbladder and biliary tract cancer | Hodgkin lymphoma | Kidney cancer | Larynx cancer | Leukemia | Lip and oral cavity cancer | Liver cancer | Malignant neoplasm of bone and articular cartilage | Malignant skin melanoma | Mesothelioma | Multiple myeloma | Neuroblastoma and other peripheral nervous cell tumors | Non-Hodgkin lymphoma | Non-melanoma skin cancer | Other malignant neoplasms | Other neoplasms | Other pharynx cancer | Ovarian cancer | Pancreatic cancer | Prostate cancer | Soft tissue and other extraosseous sarcomas | Stomach cancer | Testicular cancer | Thyroid cancer | Tracheal, bronchus, and lung cancer | Uterine cancer",33,FALSE,NA,NA,NA
"Neck pain","631",3,"Musculoskeletal disorders","Gout | Low back pain | Osteoarthritis | Other musculoskeletal disorders | Rheumatoid arthritis",5,FALSE,NA,NA,NA
"Neonatal disorders","380",3,"Maternal and neonatal disorders","Maternal disorders",1,FALSE,NA,NA,NA
"Neuroblastoma and other peripheral nervous cell tumors","1013",3,"Neoplasms","Bladder cancer | Brain and central nervous system cancer | Breast cancer | Cervical cancer | Colon and rectum cancer | Esophageal cancer | Eye cancer | Gallbladder and biliary tract cancer | Hodgkin lymphoma | Kidney cancer | Larynx cancer | Leukemia | Lip and oral cavity cancer | Liver cancer | Malignant neoplasm of bone and articular cartilage | Malignant skin melanoma | Mesothelioma | Multiple myeloma | Nasopharynx cancer | Non-Hodgkin lymphoma | Non-melanoma skin cancer | Other malignant neoplasms | Other neoplasms | Other pharynx cancer | Ovarian cancer | Pancreatic cancer | Prostate cancer | Soft tissue and other extraosseous sarcomas | Stomach cancer | Testicular cancer | Thyroid cancer | Tracheal, bronchus, and lung cancer | Uterine cancer",33,FALSE,NA,NA,NA
"Non-Hodgkin lymphoma","485",3,"Neoplasms","Bladder cancer | Brain and central nervous system cancer | Breast cancer | Cervical cancer | Colon and rectum cancer | Esophageal cancer | Eye cancer | Gallbladder and biliary tract cancer | Hodgkin lymphoma | Kidney cancer | Larynx cancer | Leukemia | Lip and oral cavity cancer | Liver cancer | Malignant neoplasm of bone and articular cartilage | Malignant skin melanoma | Mesothelioma | Multiple myeloma | Nasopharynx cancer | Neuroblastoma and other peripheral nervous cell tumors | Non-melanoma skin cancer | Other malignant neoplasms | Other neoplasms | Other pharynx cancer | Ovarian cancer | Pancreatic cancer | Prostate cancer | Soft tissue and other extraosseous sarcomas | Stomach cancer | Testicular cancer | Thyroid cancer | Tracheal, bronchus, and lung cancer | Uterine cancer",33,FALSE,NA,NA,NA
"Non-melanoma skin cancer","462",3,"Neoplasms","Bladder cancer | Brain and central nervous system cancer | Breast cancer | Cervical cancer | Colon and rectum cancer | Esophageal cancer | Eye cancer | Gallbladder and biliary tract cancer | Hodgkin lymphoma | Kidney cancer | Larynx cancer | Leukemia | Lip and oral cavity cancer | Liver cancer | Malignant neoplasm of bone and articular cartilage | Malignant skin melanoma | Mesothelioma | Multiple myeloma | Nasopharynx cancer | Neuroblastoma and other peripheral nervous cell tumors | Non-Hodgkin lymphoma | Other malignant neoplasms | Other neoplasms | Other pharynx cancer | Ovarian cancer | Pancreatic cancer | Prostate cancer | Soft tissue and other extraosseous sarcomas | Stomach cancer | Testicular cancer | Thyroid cancer | Tracheal, bronchus, and lung cancer | Uterine cancer",33,FALSE,NA,NA,NA
"Non-rheumatic valvular heart disease","504",3,"Cardiovascular diseases","Aortic aneurysm | Atrial fibrillation and flutter | Cardiomyopathy and myocarditis | Endocarditis | Hypertensive heart disease | Ischemic heart disease | Lower extremity peripheral arterial disease | Other cardiovascular and circulatory diseases | Pulmonary Arterial Hypertension | Rheumatic heart disease | Stroke",11,FALSE,NA,NA,NA
"Onchocerciasis","355",3,"Neglected tropical diseases and malaria","African trypanosomiasis | Chagas disease | Cystic echinococcosis | Cysticercosis | Dengue | Ebola | Food-borne trematodiases | Guinea worm disease | Intestinal nematode infections | Leishmaniasis | Leprosy | Lymphatic filariasis | Malaria | Other neglected tropical diseases | Rabies | Schistosomiasis | Trachoma | Yellow fever | Zika virus",19,FALSE,NA,NA,NA
"Oral disorders","680",3,"Other non-communicable diseases","Congenital birth defects | Endocrine, metabolic, blood, and immune disorders | Gynecological diseases | Hemoglobinopathies and hemolytic anemias | Sudden infant death syndrome | Urinary diseases and male infertility",6,FALSE,NA,NA,NA
"Osteoarthritis","628",3,"Musculoskeletal disorders","Gout | Low back pain | Neck pain | Other musculoskeletal disorders | Rheumatoid arthritis",5,FALSE,NA,NA,NA
"Other cardiovascular and circulatory diseases","507",3,"Cardiovascular diseases","Aortic aneurysm | Atrial fibrillation and flutter | Cardiomyopathy and myocarditis | Endocarditis | Hypertensive heart disease | Ischemic heart disease | Lower extremity peripheral arterial disease | Non-rheumatic valvular heart disease | Pulmonary Arterial Hypertension | Rheumatic heart disease | Stroke",11,TRUE,NA,NA,NA
"Other chronic respiratory diseases","520",3,"Chronic respiratory diseases","Asthma | Chronic obstructive pulmonary disease | Interstitial lung disease and pulmonary sarcoidosis | Pneumoconiosis",4,TRUE,NA,NA,NA
"Other digestive diseases","1161",3,"Digestive diseases","Appendicitis | Cirrhosis and other chronic liver diseases | Gallbladder and biliary diseases | Inflammatory bowel disease | Inguinal, femoral, and abdominal hernia | Pancreatitis | Paralytic ileus and intestinal obstruction | Upper digestive system diseases | Vascular intestinal disorders",9,TRUE,NA,NA,NA
"Other intestinal infectious diseases","321",3,"Enteric infections","Diarrheal diseases | Invasive Non-typhoidal Salmonella (iNTS) | Typhoid and paratyphoid",3,TRUE,NA,NA,NA
"Other malignant neoplasms","489",3,"Neoplasms","Bladder cancer | Brain and central nervous system cancer | Breast cancer | Cervical cancer | Colon and rectum cancer | Esophageal cancer | Eye cancer | Gallbladder and biliary tract cancer | Hodgkin lymphoma | Kidney cancer | Larynx cancer | Leukemia | Lip and oral cavity cancer | Liver cancer | Malignant neoplasm of bone and articular cartilage | Malignant skin melanoma | Mesothelioma | Multiple myeloma | Nasopharynx cancer | Neuroblastoma and other peripheral nervous cell tumors | Non-Hodgkin lymphoma | Non-melanoma skin cancer | Other neoplasms | Other pharynx cancer | Ovarian cancer | Pancreatic cancer | Prostate cancer | Soft tissue and other extraosseous sarcomas | Stomach cancer | Testicular cancer | Thyroid cancer | Tracheal, bronchus, and lung cancer | Uterine cancer",33,TRUE,NA,NA,NA
"Other mental disorders","585",3,"Mental disorders","Anxiety disorders | Attention-deficit/hyperactivity disorder | Autism spectrum disorders | Bipolar disorder | Conduct disorder | Depressive disorders | Eating disorders | Idiopathic developmental intellectual disability | Schizophrenia",9,TRUE,NA,NA,NA
"Other musculoskeletal disorders","639",3,"Musculoskeletal disorders","Gout | Low back pain | Neck pain | Osteoarthritis | Rheumatoid arthritis",5,TRUE,NA,NA,NA
"Other neglected tropical diseases","365",3,"Neglected tropical diseases and malaria","African trypanosomiasis | Chagas disease | Cystic echinococcosis | Cysticercosis | Dengue | Ebola | Food-borne trematodiases | Guinea worm disease | Intestinal nematode infections | Leishmaniasis | Leprosy | Lymphatic filariasis | Malaria | Onchocerciasis | Rabies | Schistosomiasis | Trachoma | Yellow fever | Zika virus",19,TRUE,NA,NA,NA
"Other neoplasms","490",3,"Neoplasms","Bladder cancer | Brain and central nervous system cancer | Breast cancer | Cervical cancer | Colon and rectum cancer | Esophageal cancer | Eye cancer | Gallbladder and biliary tract cancer | Hodgkin lymphoma | Kidney cancer | Larynx cancer | Leukemia | Lip and oral cavity cancer | Liver cancer | Malignant neoplasm of bone and articular cartilage | Malignant skin melanoma | Mesothelioma | Multiple myeloma | Nasopharynx cancer | Neuroblastoma and other peripheral nervous cell tumors | Non-Hodgkin lymphoma | Non-melanoma skin cancer | Other malignant neoplasms | Other pharynx cancer | Ovarian cancer | Pancreatic cancer | Prostate cancer | Soft tissue and other extraosseous sarcomas | Stomach cancer | Testicular cancer | Thyroid cancer | Tracheal, bronchus, and lung cancer | Uterine cancer",33,TRUE,NA,NA,NA
"Other neurological disorders","557",3,"Neurological disorders","Alzheimer's disease and other dementias | Headache disorders | Idiopathic epilepsy | Motor neuron disease | Multiple sclerosis | Parkinson's disease",6,TRUE,NA,NA,NA
"Other nutritional deficiencies","391",3,"Nutritional deficiencies","Dietary iron deficiency | Iodine deficiency | Protein-energy malnutrition | Vitamin A deficiency",4,TRUE,NA,NA,NA
"Other pharynx cancer","450",3,"Neoplasms","Bladder cancer | Brain and central nervous system cancer | Breast cancer | Cervical cancer | Colon and rectum cancer | Esophageal cancer | Eye cancer | Gallbladder and biliary tract cancer | Hodgkin lymphoma | Kidney cancer | Larynx cancer | Leukemia | Lip and oral cavity cancer | Liver cancer | Malignant neoplasm of bone and articular cartilage | Malignant skin melanoma | Mesothelioma | Multiple myeloma | Nasopharynx cancer | Neuroblastoma and other peripheral nervous cell tumors | Non-Hodgkin lymphoma | Non-melanoma skin cancer | Other malignant neoplasms | Other neoplasms | Ovarian cancer | Pancreatic cancer | Prostate cancer | Soft tissue and other extraosseous sarcomas | Stomach cancer | Testicular cancer | Thyroid cancer | Tracheal, bronchus, and lung cancer | Uterine cancer",33,TRUE,NA,NA,NA
"Other sense organ diseases","679",3,"Sense organ diseases","Age-related and other hearing loss | Blindness and vision loss",2,TRUE,NA,NA,NA
"Other skin and subcutaneous diseases","668",3,"Skin and subcutaneous diseases","Acne vulgaris | Alopecia areata | Bacterial skin diseases | Decubitus ulcer | Dermatitis | Fungal skin diseases | Pruritus | Psoriasis | Scabies | Urticaria | Viral skin diseases",11,TRUE,NA,NA,NA
"Other unspecified infectious diseases","408",3,"Other infectious diseases","Acute hepatitis | Diphtheria | Encephalitis | Measles | Meningitis | Pertussis | Tetanus | Varicella and herpes zoster",8,TRUE,NA,NA,NA
"Otitis media","329",3,"Respiratory infections and tuberculosis","COVID-19 | Lower respiratory infections | Tuberculosis | Upper respiratory infections",4,FALSE,NA,NA,NA
"Ovarian cancer","465",3,"Neoplasms","Bladder cancer | Brain and central nervous system cancer | Breast cancer | Cervical cancer | Colon and rectum cancer | Esophageal cancer | Eye cancer | Gallbladder and biliary tract cancer | Hodgkin lymphoma | Kidney cancer | Larynx cancer | Leukemia | Lip and oral cavity cancer | Liver cancer | Malignant neoplasm of bone and articular cartilage | Malignant skin melanoma | Mesothelioma | Multiple myeloma | Nasopharynx cancer | Neuroblastoma and other peripheral nervous cell tumors | Non-Hodgkin lymphoma | Non-melanoma skin cancer | Other malignant neoplasms | Other neoplasms | Other pharynx cancer | Pancreatic cancer | Prostate cancer | Soft tissue and other extraosseous sarcomas | Stomach cancer | Testicular cancer | Thyroid cancer | Tracheal, bronchus, and lung cancer | Uterine cancer",33,FALSE,NA,NA,NA
"Pancreatic cancer","456",3,"Neoplasms","Bladder cancer | Brain and central nervous system cancer | Breast cancer | Cervical cancer | Colon and rectum cancer | Esophageal cancer | Eye cancer | Gallbladder and biliary tract cancer | Hodgkin lymphoma | Kidney cancer | Larynx cancer | Leukemia | Lip and oral cavity cancer | Liver cancer | Malignant neoplasm of bone and articular cartilage | Malignant skin melanoma | Mesothelioma | Multiple myeloma | Nasopharynx cancer | Neuroblastoma and other peripheral nervous cell tumors | Non-Hodgkin lymphoma | Non-melanoma skin cancer | Other malignant neoplasms | Other neoplasms | Other pharynx cancer | Ovarian cancer | Prostate cancer | Soft tissue and other extraosseous sarcomas | Stomach cancer | Testicular cancer | Thyroid cancer | Tracheal, bronchus, and lung cancer | Uterine cancer",33,FALSE,NA,NA,NA
"Pancreatitis","535",3,"Digestive diseases","Appendicitis | Cirrhosis and other chronic liver diseases | Gallbladder and biliary diseases | Inflammatory bowel disease | Inguinal, femoral, and abdominal hernia | Other digestive diseases | Paralytic ileus and intestinal obstruction | Upper digestive system diseases | Vascular intestinal disorders",9,FALSE,NA,NA,NA
"Paralytic ileus and intestinal obstruction","530",3,"Digestive diseases","Appendicitis | Cirrhosis and other chronic liver diseases | Gallbladder and biliary diseases | Inflammatory bowel disease | Inguinal, femoral, and abdominal hernia | Other digestive diseases | Pancreatitis | Upper digestive system diseases | Vascular intestinal disorders",9,FALSE,NA,NA,NA
"Parkinson's disease","544",3,"Neurological disorders","Alzheimer's disease and other dementias | Headache disorders | Idiopathic epilepsy | Motor neuron disease | Multiple sclerosis | Other neurological disorders",6,FALSE,NA,NA,NA
"Pertussis","339",3,"Other infectious diseases","Acute hepatitis | Diphtheria | Encephalitis | Measles | Meningitis | Other unspecified infectious diseases | Tetanus | Varicella and herpes zoster",8,FALSE,NA,NA,NA
"Pneumoconiosis","510",3,"Chronic respiratory diseases","Asthma | Chronic obstructive pulmonary disease | Interstitial lung disease and pulmonary sarcoidosis | Other chronic respiratory diseases",4,FALSE,NA,NA,NA
"Prostate cancer","438",3,"Neoplasms","Bladder cancer | Brain and central nervous system cancer | Breast cancer | Cervical cancer | Colon and rectum cancer | Esophageal cancer | Eye cancer | Gallbladder and biliary tract cancer | Hodgkin lymphoma | Kidney cancer | Larynx cancer | Leukemia | Lip and oral cavity cancer | Liver cancer | Malignant neoplasm of bone and articular cartilage | Malignant skin melanoma | Mesothelioma | Multiple myeloma | Nasopharynx cancer | Neuroblastoma and other peripheral nervous cell tumors | Non-Hodgkin lymphoma | Non-melanoma skin cancer | Other malignant neoplasms | Other neoplasms | Other pharynx cancer | Ovarian cancer | Pancreatic cancer | Soft tissue and other extraosseous sarcomas | Stomach cancer | Testicular cancer | Thyroid cancer | Tracheal, bronchus, and lung cancer | Uterine cancer",33,FALSE,NA,NA,NA
"Protein-energy malnutrition","387",3,"Nutritional deficiencies","Dietary iron deficiency | Iodine deficiency | Other nutritional deficiencies | Vitamin A deficiency",4,FALSE,NA,NA,NA
"Pruritus","663",3,"Skin and subcutaneous diseases","Acne vulgaris | Alopecia areata | Bacterial skin diseases | Decubitus ulcer | Dermatitis | Fungal skin diseases | Other skin and subcutaneous diseases | Psoriasis | Scabies | Urticaria | Viral skin diseases",11,FALSE,NA,NA,NA
"Psoriasis","655",3,"Skin and subcutaneous diseases","Acne vulgaris | Alopecia areata | Bacterial skin diseases | Decubitus ulcer | Dermatitis | Fungal skin diseases | Other skin and subcutaneous diseases | Pruritus | Scabies | Urticaria | Viral skin diseases",11,FALSE,NA,NA,NA
"Pulmonary Arterial Hypertension","1004",3,"Cardiovascular diseases","Aortic aneurysm | Atrial fibrillation and flutter | Cardiomyopathy and myocarditis | Endocarditis | Hypertensive heart disease | Ischemic heart disease | Lower extremity peripheral arterial disease | Non-rheumatic valvular heart disease | Other cardiovascular and circulatory diseases | Rheumatic heart disease | Stroke",11,FALSE,NA,NA,NA
"Rabies","359",3,"Neglected tropical diseases and malaria","African trypanosomiasis | Chagas disease | Cystic echinococcosis | Cysticercosis | Dengue | Ebola | Food-borne trematodiases | Guinea worm disease | Intestinal nematode infections | Leishmaniasis | Leprosy | Lymphatic filariasis | Malaria | Onchocerciasis | Other neglected tropical diseases | Schistosomiasis | Trachoma | Yellow fever | Zika virus",19,FALSE,NA,NA,NA
"Rheumatic heart disease","492",3,"Cardiovascular diseases","Aortic aneurysm | Atrial fibrillation and flutter | Cardiomyopathy and myocarditis | Endocarditis | Hypertensive heart disease | Ischemic heart disease | Lower extremity peripheral arterial disease | Non-rheumatic valvular heart disease | Other cardiovascular and circulatory diseases | Pulmonary Arterial Hypertension | Stroke",11,FALSE,NA,NA,NA
"Rheumatoid arthritis","627",3,"Musculoskeletal disorders","Gout | Low back pain | Neck pain | Osteoarthritis | Other musculoskeletal disorders",5,FALSE,NA,NA,NA
"Scabies","658",3,"Skin and subcutaneous diseases","Acne vulgaris | Alopecia areata | Bacterial skin diseases | Decubitus ulcer | Dermatitis | Fungal skin diseases | Other skin and subcutaneous diseases | Pruritus | Psoriasis | Urticaria | Viral skin diseases",11,FALSE,NA,NA,NA
"Schistosomiasis","351",3,"Neglected tropical diseases and malaria","African trypanosomiasis | Chagas disease | Cystic echinococcosis | Cysticercosis | Dengue | Ebola | Food-borne trematodiases | Guinea worm disease | Intestinal nematode infections | Leishmaniasis | Leprosy | Lymphatic filariasis | Malaria | Onchocerciasis | Other neglected tropical diseases | Rabies | Trachoma | Yellow fever | Zika virus",19,FALSE,NA,NA,NA
"Schizophrenia","559",3,"Mental disorders","Anxiety disorders | Attention-deficit/hyperactivity disorder | Autism spectrum disorders | Bipolar disorder | Conduct disorder | Depressive disorders | Eating disorders | Idiopathic developmental intellectual disability | Other mental disorders",9,FALSE,NA,NA,NA
"Sexually transmitted infections excluding HIV","393",3,"HIV/AIDS and sexually transmitted infections","HIV/AIDS",1,FALSE,NA,NA,NA
"Soft tissue and other extraosseous sarcomas","1011",3,"Neoplasms","Bladder cancer | Brain and central nervous system cancer | Breast cancer | Cervical cancer | Colon and rectum cancer | Esophageal cancer | Eye cancer | Gallbladder and biliary tract cancer | Hodgkin lymphoma | Kidney cancer | Larynx cancer | Leukemia | Lip and oral cavity cancer | Liver cancer | Malignant neoplasm of bone and articular cartilage | Malignant skin melanoma | Mesothelioma | Multiple myeloma | Nasopharynx cancer | Neuroblastoma and other peripheral nervous cell tumors | Non-Hodgkin lymphoma | Non-melanoma skin cancer | Other malignant neoplasms | Other neoplasms | Other pharynx cancer | Ovarian cancer | Pancreatic cancer | Prostate cancer | Stomach cancer | Testicular cancer | Thyroid cancer | Tracheal, bronchus, and lung cancer | Uterine cancer",33,FALSE,NA,NA,NA
"Stomach cancer","414",3,"Neoplasms","Bladder cancer | Brain and central nervous system cancer | Breast cancer | Cervical cancer | Colon and rectum cancer | Esophageal cancer | Eye cancer | Gallbladder and biliary tract cancer | Hodgkin lymphoma | Kidney cancer | Larynx cancer | Leukemia | Lip and oral cavity cancer | Liver cancer | Malignant neoplasm of bone and articular cartilage | Malignant skin melanoma | Mesothelioma | Multiple myeloma | Nasopharynx cancer | Neuroblastoma and other peripheral nervous cell tumors | Non-Hodgkin lymphoma | Non-melanoma skin cancer | Other malignant neoplasms | Other neoplasms | Other pharynx cancer | Ovarian cancer | Pancreatic cancer | Prostate cancer | Soft tissue and other extraosseous sarcomas | Testicular cancer | Thyroid cancer | Tracheal, bronchus, and lung cancer | Uterine cancer",33,FALSE,NA,NA,NA
"Stroke","494",3,"Cardiovascular diseases","Aortic aneurysm | Atrial fibrillation and flutter | Cardiomyopathy and myocarditis | Endocarditis | Hypertensive heart disease | Ischemic heart disease | Lower extremity peripheral arterial disease | Non-rheumatic valvular heart disease | Other cardiovascular and circulatory diseases | Pulmonary Arterial Hypertension | Rheumatic heart disease",11,FALSE,NA,NA,NA
"Sudden infant death syndrome","686",3,"Other non-communicable diseases","Congenital birth defects | Endocrine, metabolic, blood, and immune disorders | Gynecological diseases | Hemoglobinopathies and hemolytic anemias | Oral disorders | Urinary diseases and male infertility",6,FALSE,NA,NA,NA
"Testicular cancer","468",3,"Neoplasms","Bladder cancer | Brain and central nervous system cancer | Breast cancer | Cervical cancer | Colon and rectum cancer | Esophageal cancer | Eye cancer | Gallbladder and biliary tract cancer | Hodgkin lymphoma | Kidney cancer | Larynx cancer | Leukemia | Lip and oral cavity cancer | Liver cancer | Malignant neoplasm of bone and articular cartilage | Malignant skin melanoma | Mesothelioma | Multiple myeloma | Nasopharynx cancer | Neuroblastoma and other peripheral nervous cell tumors | Non-Hodgkin lymphoma | Non-melanoma skin cancer | Other malignant neoplasms | Other neoplasms | Other pharynx cancer | Ovarian cancer | Pancreatic cancer | Prostate cancer | Soft tissue and other extraosseous sarcomas | Stomach cancer | Thyroid cancer | Tracheal, bronchus, and lung cancer | Uterine cancer",33,FALSE,NA,NA,NA
"Tetanus","340",3,"Other infectious diseases","Acute hepatitis | Diphtheria | Encephalitis | Measles | Meningitis | Other unspecified infectious diseases | Pertussis | Varicella and herpes zoster",8,FALSE,NA,NA,NA
"Thyroid cancer","480",3,"Neoplasms","Bladder cancer | Brain and central nervous system cancer | Breast cancer | Cervical cancer | Colon and rectum cancer | Esophageal cancer | Eye cancer | Gallbladder and biliary tract cancer | Hodgkin lymphoma | Kidney cancer | Larynx cancer | Leukemia | Lip and oral cavity cancer | Liver cancer | Malignant neoplasm of bone and articular cartilage | Malignant skin melanoma | Mesothelioma | Multiple myeloma | Nasopharynx cancer | Neuroblastoma and other peripheral nervous cell tumors | Non-Hodgkin lymphoma | Non-melanoma skin cancer | Other malignant neoplasms | Other neoplasms | Other pharynx cancer | Ovarian cancer | Pancreatic cancer | Prostate cancer | Soft tissue and other extraosseous sarcomas | Stomach cancer | Testicular cancer | Tracheal, bronchus, and lung cancer | Uterine cancer",33,FALSE,NA,NA,NA
"Tracheal, bronchus, and lung cancer","426",3,"Neoplasms","Bladder cancer | Brain and central nervous system cancer | Breast cancer | Cervical cancer | Colon and rectum cancer | Esophageal cancer | Eye cancer | Gallbladder and biliary tract cancer | Hodgkin lymphoma | Kidney cancer | Larynx cancer | Leukemia | Lip and oral cavity cancer | Liver cancer | Malignant neoplasm of bone and articular cartilage | Malignant skin melanoma | Mesothelioma | Multiple myeloma | Nasopharynx cancer | Neuroblastoma and other peripheral nervous cell tumors | Non-Hodgkin lymphoma | Non-melanoma skin cancer | Other malignant neoplasms | Other neoplasms | Other pharynx cancer | Ovarian cancer | Pancreatic cancer | Prostate cancer | Soft tissue and other extraosseous sarcomas | Stomach cancer | Testicular cancer | Thyroid cancer | Uterine cancer",33,FALSE,NA,NA,NA
"Trachoma","356",3,"Neglected tropical diseases and malaria","African trypanosomiasis | Chagas disease | Cystic echinococcosis | Cysticercosis | Dengue | Ebola | Food-borne trematodiases | Guinea worm disease | Intestinal nematode infections | Leishmaniasis | Leprosy | Lymphatic filariasis | Malaria | Onchocerciasis | Other neglected tropical diseases | Rabies | Schistosomiasis | Yellow fever | Zika virus",19,FALSE,NA,NA,NA
"Tuberculosis","297",3,"Respiratory infections and tuberculosis","COVID-19 | Lower respiratory infections | Otitis media | Upper respiratory infections",4,FALSE,NA,NA,NA
"Typhoid and paratyphoid","958",3,"Enteric infections","Diarrheal diseases | Invasive Non-typhoidal Salmonella (iNTS) | Other intestinal infectious diseases",3,FALSE,NA,NA,NA
"Upper digestive system diseases","992",3,"Digestive diseases","Appendicitis | Cirrhosis and other chronic liver diseases | Gallbladder and biliary diseases | Inflammatory bowel disease | Inguinal, femoral, and abdominal hernia | Other digestive diseases | Pancreatitis | Paralytic ileus and intestinal obstruction | Vascular intestinal disorders",9,FALSE,NA,NA,NA
"Upper respiratory infections","328",3,"Respiratory infections and tuberculosis","COVID-19 | Lower respiratory infections | Otitis media | Tuberculosis",4,FALSE,NA,NA,NA
"Urinary diseases and male infertility","594",3,"Other non-communicable diseases","Congenital birth defects | Endocrine, metabolic, blood, and immune disorders | Gynecological diseases | Hemoglobinopathies and hemolytic anemias | Oral disorders | Sudden infant death syndrome",6,FALSE,NA,NA,NA
"Urticaria","664",3,"Skin and subcutaneous diseases","Acne vulgaris | Alopecia areata | Bacterial skin diseases | Decubitus ulcer | Dermatitis | Fungal skin diseases | Other skin and subcutaneous diseases | Pruritus | Psoriasis | Scabies | Viral skin diseases",11,FALSE,NA,NA,NA
"Uterine cancer","435",3,"Neoplasms","Bladder cancer | Brain and central nervous system cancer | Breast cancer | Cervical cancer | Colon and rectum cancer | Esophageal cancer | Eye cancer | Gallbladder and biliary tract cancer | Hodgkin lymphoma | Kidney cancer | Larynx cancer | Leukemia | Lip and oral cavity cancer | Liver cancer | Malignant neoplasm of bone and articular cartilage | Malignant skin melanoma | Mesothelioma | Multiple myeloma | Nasopharynx cancer | Neuroblastoma and other peripheral nervous cell tumors | Non-Hodgkin lymphoma | Non-melanoma skin cancer | Other malignant neoplasms | Other neoplasms | Other pharynx cancer | Ovarian cancer | Pancreatic cancer | Prostate cancer | Soft tissue and other extraosseous sarcomas | Stomach cancer | Testicular cancer | Thyroid cancer | Tracheal, bronchus, and lung cancer",33,FALSE,NA,NA,NA
"Varicella and herpes zoster","342",3,"Other infectious diseases","Acute hepatitis | Diphtheria | Encephalitis | Measles | Meningitis | Other unspecified infectious diseases | Pertussis | Tetanus",8,FALSE,NA,NA,NA
"Vascular intestinal disorders","533",3,"Digestive diseases","Appendicitis | Cirrhosis and other chronic liver diseases | Gallbladder and biliary diseases | Inflammatory bowel disease | Inguinal, femoral, and abdominal hernia | Other digestive diseases | Pancreatitis | Paralytic ileus and intestinal obstruction | Upper digestive system diseases",9,FALSE,NA,NA,NA
"Viral skin diseases","660",3,"Skin and subcutaneous diseases","Acne vulgaris | Alopecia areata | Bacterial skin diseases | Decubitus ulcer | Dermatitis | Fungal skin diseases | Other skin and subcutaneous diseases | Pruritus | Psoriasis | Scabies | Urticaria",11,FALSE,NA,NA,NA
"Vitamin A deficiency","389",3,"Nutritional deficiencies","Dietary iron deficiency | Iodine deficiency | Other nutritional deficiencies | Protein-energy malnutrition",4,FALSE,NA,NA,NA
"Yellow fever","358",3,"Neglected tropical diseases and malaria","African trypanosomiasis | Chagas disease | Cystic echinococcosis | Cysticercosis | Dengue | Ebola | Food-borne trematodiases | Guinea worm disease | Intestinal nematode infections | Leishmaniasis | Leprosy | Lymphatic filariasis | Malaria | Onchocerciasis | Other neglected tropical diseases | Rabies | Schistosomiasis | Trachoma | Zika virus",19,FALSE,NA,NA,NA
"Zika virus","935",3,"Neglected tropical diseases and malaria","African trypanosomiasis | Chagas disease | Cystic echinococcosis | Cysticercosis | Dengue | Ebola | Food-borne trematodiases | Guinea worm disease | Intestinal nematode infections | Leishmaniasis | Leprosy | Lymphatic filariasis | Malaria | Onchocerciasis | Other neglected tropical diseases | Rabies | Schistosomiasis | Trachoma | Yellow fever",19,FALSE,NA,NA,NA
"Acute hepatitis A","401",4,"Acute hepatitis","Acute hepatitis B | Acute hepatitis C | Acute hepatitis E",3,FALSE,NA,NA,NA
"Acute hepatitis B","402",4,"Acute hepatitis","Acute hepatitis A | Acute hepatitis C | Acute hepatitis E",3,FALSE,NA,NA,NA
"Acute hepatitis C","403",4,"Acute hepatitis","Acute hepatitis A | Acute hepatitis B | Acute hepatitis E",3,FALSE,NA,NA,NA
"Acute hepatitis E","404",4,"Acute hepatitis","Acute hepatitis A | Acute hepatitis B | Acute hepatitis C",3,FALSE,NA,NA,NA
"Acute lymphoid leukemia","845",4,"Leukemia","Acute myeloid leukemia | Chronic lymphoid leukemia | Chronic myeloid leukemia | Other leukemia",4,FALSE,NA,NA,NA
"Acute myeloid leukemia","847",4,"Leukemia","Acute lymphoid leukemia | Chronic lymphoid leukemia | Chronic myeloid leukemia | Other leukemia",4,FALSE,NA,NA,NA
"Age-related macular degeneration","672",4,"Blindness and vision loss","Cataract | Glaucoma | Near vision loss | Other vision loss | Refraction disorders",5,FALSE,NA,NA,NA
"Alcoholic cardiomyopathy","938",4,"Cardiomyopathy and myocarditis","Myocarditis | Other cardiomyopathy",2,FALSE,NA,NA,NA
"Amphetamine use disorders","564",4,"Drug use disorders","Cannabis use disorders | Cocaine use disorders | Opioid use disorders | Other drug use disorders",4,FALSE,NA,NA,NA
"Anorexia nervosa","573",4,"Eating disorders","Bulimia nervosa",1,FALSE,NA,NA,NA
"Asbestosis","512",4,"Pneumoconiosis","Coal workers pneumoconiosis | Other pneumoconiosis | Silicosis",3,FALSE,NA,NA,NA
"Ascariasis","361",4,"Intestinal nematode infections","Hookworm disease | Trichuriasis",2,FALSE,NA,NA,NA
"Atopic dermatitis","977",4,"Dermatitis","Contact dermatitis | Seborrhoeic dermatitis",2,FALSE,NA,NA,NA
"Benign and in situ cervical and uterine neoplasms","966",4,"Other neoplasms","Benign and in situ intestinal neoplasms | Myelodysplastic, myeloproliferative, and other hematopoietic neoplasms | Other benign and in situ neoplasms",3,FALSE,NA,NA,NA
"Benign and in situ intestinal neoplasms","965",4,"Other neoplasms","Benign and in situ cervical and uterine neoplasms | Myelodysplastic, myeloproliferative, and other hematopoietic neoplasms | Other benign and in situ neoplasms",3,FALSE,NA,NA,NA
"Benign prostatic hyperplasia","597",4,"Urinary diseases and male infertility","Male infertility | Other urinary diseases | Urinary tract infections and interstitial nephritis | Urolithiasis",4,FALSE,NA,NA,NA
"Bulimia nervosa","574",4,"Eating disorders","Anorexia nervosa",1,FALSE,NA,NA,NA
"Burkitt lymphoma","1006",4,"Non-Hodgkin lymphoma","Other non-Hodgkin lymphoma",1,FALSE,NA,NA,NA
"Cannabis use disorders","565",4,"Drug use disorders","Amphetamine use disorders | Cocaine use disorders | Opioid use disorders | Other drug use disorders",4,FALSE,NA,NA,NA
"Caries of deciduous teeth","681",4,"Oral disorders","Caries of permanent teeth | Edentulism | Other oral disorders | Periodontal diseases",4,FALSE,NA,NA,NA
"Caries of permanent teeth","682",4,"Oral disorders","Caries of deciduous teeth | Edentulism | Other oral disorders | Periodontal diseases",4,FALSE,NA,NA,NA
"Cataract","671",4,"Blindness and vision loss","Age-related macular degeneration | Glaucoma | Near vision loss | Other vision loss | Refraction disorders",5,FALSE,NA,NA,NA
"Cellulitis","656",4,"Bacterial skin diseases","Pyoderma",1,FALSE,NA,NA,NA
"Chlamydial infection","395",4,"Sexually transmitted infections excluding HIV","Genital herpes | Gonococcal infection | Other sexually transmitted infections | Syphilis | Trichomoniasis",5,FALSE,NA,NA,NA
"Chronic hepatitis B including cirrhosis","522",4,"Cirrhosis","Chronic hepatitis C including cirrhosis | Cirrhosis due to alcohol | Cirrhosis due to other causes | Nonalcoholic fatty liver disease including cirrhosis",4,FALSE,NA,NA,NA
"Chronic hepatitis C including cirrhosis","523",4,"Cirrhosis","Chronic hepatitis B including cirrhosis | Cirrhosis due to alcohol | Cirrhosis due to other causes | Nonalcoholic fatty liver disease including cirrhosis",4,FALSE,NA,NA,NA
"Chronic kidney disease due to diabetes mellitus type 1","997",4,"Chronic kidney disease","Chronic kidney disease due to diabetes mellitus type 2 | Chronic kidney disease due to glomerulonephritis | Chronic kidney disease due to hypertension | Chronic kidney disease due to other and unspecified causes",4,FALSE,NA,NA,NA
"Chronic kidney disease due to diabetes mellitus type 2","998",4,"Chronic kidney disease","Chronic kidney disease due to diabetes mellitus type 1 | Chronic kidney disease due to glomerulonephritis | Chronic kidney disease due to hypertension | Chronic kidney disease due to other and unspecified causes",4,FALSE,NA,NA,NA
"Chronic kidney disease due to glomerulonephritis","592",4,"Chronic kidney disease","Chronic kidney disease due to diabetes mellitus type 1 | Chronic kidney disease due to diabetes mellitus type 2 | Chronic kidney disease due to hypertension | Chronic kidney disease due to other and unspecified causes",4,FALSE,NA,NA,NA
"Chronic kidney disease due to hypertension","591",4,"Chronic kidney disease","Chronic kidney disease due to diabetes mellitus type 1 | Chronic kidney disease due to diabetes mellitus type 2 | Chronic kidney disease due to glomerulonephritis | Chronic kidney disease due to other and unspecified causes",4,FALSE,NA,NA,NA
"Chronic kidney disease due to other and unspecified causes","593",4,"Chronic kidney disease","Chronic kidney disease due to diabetes mellitus type 1 | Chronic kidney disease due to diabetes mellitus type 2 | Chronic kidney disease due to glomerulonephritis | Chronic kidney disease due to hypertension",4,FALSE,NA,NA,NA
"Chronic lymphoid leukemia","846",4,"Leukemia","Acute lymphoid leukemia | Acute myeloid leukemia | Chronic myeloid leukemia | Other leukemia",4,FALSE,NA,NA,NA
"Chronic myeloid leukemia","848",4,"Leukemia","Acute lymphoid leukemia | Acute myeloid leukemia | Chronic lymphoid leukemia | Other leukemia",4,FALSE,NA,NA,NA
"Cirrhosis due to alcohol","524",4,"Cirrhosis","Chronic hepatitis B including cirrhosis | Chronic hepatitis C including cirrhosis | Cirrhosis due to other causes | Nonalcoholic fatty liver disease including cirrhosis",4,FALSE,NA,NA,NA
"Cirrhosis due to other causes","525",4,"Cirrhosis","Chronic hepatitis B including cirrhosis | Chronic hepatitis C including cirrhosis | Cirrhosis due to alcohol | Nonalcoholic fatty liver disease including cirrhosis",4,FALSE,NA,NA,NA
"Coal workers pneumoconiosis","513",4,"Pneumoconiosis","Asbestosis | Other pneumoconiosis | Silicosis",3,FALSE,NA,NA,NA
"Cocaine use disorders","563",4,"Drug use disorders","Amphetamine use disorders | Cannabis use disorders | Opioid use disorders | Other drug use disorders",4,FALSE,NA,NA,NA
"Congenital heart anomalies","643",4,"Congenital birth defects","Congenital musculoskeletal and limb anomalies | Digestive congenital anomalies | Down syndrome | Klinefelter syndrome | Neural tube defects | Orofacial clefts | Other chromosomal abnormalities | Other congenital birth defects | Turner syndrome | Urogenital congenital anomalies",10,FALSE,NA,NA,NA
"Congenital musculoskeletal and limb anomalies","649",4,"Congenital birth defects","Congenital heart anomalies | Digestive congenital anomalies | Down syndrome | Klinefelter syndrome | Neural tube defects | Orofacial clefts | Other chromosomal abnormalities | Other congenital birth defects | Turner syndrome | Urogenital congenital anomalies",10,FALSE,NA,NA,NA
"Contact dermatitis","978",4,"Dermatitis","Atopic dermatitis | Seborrhoeic dermatitis",2,FALSE,NA,NA,NA
"Crohn's disease","1025",4,"Inflammatory bowel disease","Ulcerative colitis",1,FALSE,NA,NA,NA
"Cutaneous and mucocutaneous leishmaniasis","349",4,"Leishmaniasis","Visceral leishmaniasis",1,FALSE,NA,NA,NA
"Diabetes mellitus type 1","975",4,"Diabetes mellitus","Diabetes mellitus type 2",1,FALSE,NA,NA,NA
"Diabetes mellitus type 2","976",4,"Diabetes mellitus","Diabetes mellitus type 1",1,FALSE,NA,NA,NA
"Digestive congenital anomalies","651",4,"Congenital birth defects","Congenital heart anomalies | Congenital musculoskeletal and limb anomalies | Down syndrome | Klinefelter syndrome | Neural tube defects | Orofacial clefts | Other chromosomal abnormalities | Other congenital birth defects | Turner syndrome | Urogenital congenital anomalies",10,FALSE,NA,NA,NA
"Down syndrome","645",4,"Congenital birth defects","Congenital heart anomalies | Congenital musculoskeletal and limb anomalies | Digestive congenital anomalies | Klinefelter syndrome | Neural tube defects | Orofacial clefts | Other chromosomal abnormalities | Other congenital birth defects | Turner syndrome | Urogenital congenital anomalies",10,FALSE,NA,NA,NA
"Drug-susceptible tuberculosis","934",4,"Tuberculosis","Extensively drug-resistant tuberculosis | Latent tuberculosis infection | Multidrug-resistant tuberculosis without extensive drug resistance",3,FALSE,NA,NA,NA
"Dysthymia","569",4,"Depressive disorders","Major depressive disorder",1,FALSE,NA,NA,NA
"Ectopic pregnancy","374",4,"Maternal disorders","Indirect maternal deaths | Late maternal deaths | Maternal abortion and miscarriage | Maternal deaths aggravated by HIV/AIDS | Maternal hemorrhage | Maternal hypertensive disorders | Maternal obstructed labor and uterine rupture | Maternal sepsis and other maternal infections | Other direct maternal disorders",9,FALSE,NA,NA,NA
"Edentulism","684",4,"Oral disorders","Caries of deciduous teeth | Caries of permanent teeth | Other oral disorders | Periodontal diseases",4,FALSE,NA,NA,NA
"Endometriosis","607",4,"Gynecological diseases","Female infertility | Genital prolapse | Other gynecological diseases | Polycystic ovarian syndrome | Premenstrual syndrome | Uterine fibroids",6,FALSE,NA,NA,NA
"Extensively drug-resistant tuberculosis","947",4,"Tuberculosis","Drug-susceptible tuberculosis | Latent tuberculosis infection | Multidrug-resistant tuberculosis without extensive drug resistance",3,FALSE,NA,NA,NA
"Female infertility","606",4,"Gynecological diseases","Endometriosis | Genital prolapse | Other gynecological diseases | Polycystic ovarian syndrome | Premenstrual syndrome | Uterine fibroids",6,FALSE,NA,NA,NA
"G6PD deficiency","616",4,"Hemoglobinopathies and hemolytic anemias","G6PD trait | Other hemoglobinopathies and hemolytic anemias | Sickle cell disorders | Sickle cell trait | Thalassemias | Thalassemias trait",6,FALSE,NA,NA,NA
"G6PD trait","839",4,"Hemoglobinopathies and hemolytic anemias","G6PD deficiency | Other hemoglobinopathies and hemolytic anemias | Sickle cell disorders | Sickle cell trait | Thalassemias | Thalassemias trait",6,FALSE,NA,NA,NA
"Gastritis and duodenitis","528",4,"Upper digestive system diseases","Gastroesophageal reflux disease | Peptic ulcer disease",2,FALSE,NA,NA,NA
"Gastroesophageal reflux disease","536",4,"Upper digestive system diseases","Gastritis and duodenitis | Peptic ulcer disease",2,FALSE,NA,NA,NA
"Genital herpes","398",4,"Sexually transmitted infections excluding HIV","Chlamydial infection | Gonococcal infection | Other sexually transmitted infections | Syphilis | Trichomoniasis",5,FALSE,NA,NA,NA
"Genital prolapse","608",4,"Gynecological diseases","Endometriosis | Female infertility | Other gynecological diseases | Polycystic ovarian syndrome | Premenstrual syndrome | Uterine fibroids",6,FALSE,NA,NA,NA
"Glaucoma","670",4,"Blindness and vision loss","Age-related macular degeneration | Cataract | Near vision loss | Other vision loss | Refraction disorders",5,FALSE,NA,NA,NA
"Gonococcal infection","396",4,"Sexually transmitted infections excluding HIV","Chlamydial infection | Genital herpes | Other sexually transmitted infections | Syphilis | Trichomoniasis",5,FALSE,NA,NA,NA
"HIV/AIDS - Drug-susceptible Tuberculosis","948",4,"HIV/AIDS","HIV/AIDS - Extensively drug-resistant Tuberculosis | HIV/AIDS - Multidrug-resistant Tuberculosis without extensive drug resistance | HIV/AIDS resulting in other diseases",3,FALSE,NA,NA,NA
"HIV/AIDS - Extensively drug-resistant Tuberculosis","950",4,"HIV/AIDS","HIV/AIDS - Drug-susceptible Tuberculosis | HIV/AIDS - Multidrug-resistant Tuberculosis without extensive drug resistance | HIV/AIDS resulting in other diseases",3,FALSE,NA,NA,NA
"HIV/AIDS - Multidrug-resistant Tuberculosis without extensive drug resistance","949",4,"HIV/AIDS","HIV/AIDS - Drug-susceptible Tuberculosis | HIV/AIDS - Extensively drug-resistant Tuberculosis | HIV/AIDS resulting in other diseases",3,FALSE,NA,NA,NA
"HIV/AIDS resulting in other diseases","300",4,"HIV/AIDS","HIV/AIDS - Drug-susceptible Tuberculosis | HIV/AIDS - Extensively drug-resistant Tuberculosis | HIV/AIDS - Multidrug-resistant Tuberculosis without extensive drug resistance",3,FALSE,NA,NA,NA
"Hemolytic disease and other neonatal jaundice","384",4,"Neonatal disorders","Neonatal encephalopathy due to birth asphyxia and trauma | Neonatal preterm birth | Neonatal sepsis and other neonatal infections | Other neonatal disorders",4,FALSE,NA,NA,NA
"Hepatoblastoma","1005",4,"Liver cancer","Liver cancer due to alcohol use | Liver cancer due to hepatitis B | Liver cancer due to hepatitis C | Liver cancer due to NASH | Liver cancer due to other causes",5,FALSE,NA,NA,NA
"Hookworm disease","363",4,"Intestinal nematode infections","Ascariasis | Trichuriasis",2,FALSE,NA,NA,NA
"Indirect maternal deaths","375",4,"Maternal disorders","Ectopic pregnancy | Late maternal deaths | Maternal abortion and miscarriage | Maternal deaths aggravated by HIV/AIDS | Maternal hemorrhage | Maternal hypertensive disorders | Maternal obstructed labor and uterine rupture | Maternal sepsis and other maternal infections | Other direct maternal disorders",9,FALSE,NA,NA,NA
"Intracerebral hemorrhage","496",4,"Stroke","Ischemic stroke | Subarachnoid hemorrhage",2,FALSE,NA,NA,NA
"Ischemic stroke","495",4,"Stroke","Intracerebral hemorrhage | Subarachnoid hemorrhage",2,FALSE,NA,NA,NA
"Klinefelter syndrome","647",4,"Congenital birth defects","Congenital heart anomalies | Congenital musculoskeletal and limb anomalies | Digestive congenital anomalies | Down syndrome | Neural tube defects | Orofacial clefts | Other chromosomal abnormalities | Other congenital birth defects | Turner syndrome | Urogenital congenital anomalies",10,FALSE,NA,NA,NA
"Late maternal deaths","376",4,"Maternal disorders","Ectopic pregnancy | Indirect maternal deaths | Maternal abortion and miscarriage | Maternal deaths aggravated by HIV/AIDS | Maternal hemorrhage | Maternal hypertensive disorders | Maternal obstructed labor and uterine rupture | Maternal sepsis and other maternal infections | Other direct maternal disorders",9,FALSE,NA,NA,NA
"Latent tuberculosis infection","954",4,"Tuberculosis","Drug-susceptible tuberculosis | Extensively drug-resistant tuberculosis | Multidrug-resistant tuberculosis without extensive drug resistance",3,FALSE,NA,NA,NA
"Liver cancer due to NASH","996",4,"Liver cancer","Hepatoblastoma | Liver cancer due to alcohol use | Liver cancer due to hepatitis B | Liver cancer due to hepatitis C | Liver cancer due to other causes",5,FALSE,NA,NA,NA
"Liver cancer due to alcohol use","420",4,"Liver cancer","Hepatoblastoma | Liver cancer due to hepatitis B | Liver cancer due to hepatitis C | Liver cancer due to NASH | Liver cancer due to other causes",5,FALSE,NA,NA,NA
"Liver cancer due to hepatitis B","418",4,"Liver cancer","Hepatoblastoma | Liver cancer due to alcohol use | Liver cancer due to hepatitis C | Liver cancer due to NASH | Liver cancer due to other causes",5,FALSE,NA,NA,NA
"Liver cancer due to hepatitis C","419",4,"Liver cancer","Hepatoblastoma | Liver cancer due to alcohol use | Liver cancer due to hepatitis B | Liver cancer due to NASH | Liver cancer due to other causes",5,FALSE,NA,NA,NA
"Liver cancer due to other causes","421",4,"Liver cancer","Hepatoblastoma | Liver cancer due to alcohol use | Liver cancer due to hepatitis B | Liver cancer due to hepatitis C | Liver cancer due to NASH",5,FALSE,NA,NA,NA
"Major depressive disorder","568",4,"Depressive disorders","Dysthymia",1,FALSE,NA,NA,NA
"Male infertility","598",4,"Urinary diseases and male infertility","Benign prostatic hyperplasia | Other urinary diseases | Urinary tract infections and interstitial nephritis | Urolithiasis",4,FALSE,NA,NA,NA
"Maternal abortion and miscarriage","995",4,"Maternal disorders","Ectopic pregnancy | Indirect maternal deaths | Late maternal deaths | Maternal deaths aggravated by HIV/AIDS | Maternal hemorrhage | Maternal hypertensive disorders | Maternal obstructed labor and uterine rupture | Maternal sepsis and other maternal infections | Other direct maternal disorders",9,FALSE,NA,NA,NA
"Maternal deaths aggravated by HIV/AIDS","741",4,"Maternal disorders","Ectopic pregnancy | Indirect maternal deaths | Late maternal deaths | Maternal abortion and miscarriage | Maternal hemorrhage | Maternal hypertensive disorders | Maternal obstructed labor and uterine rupture | Maternal sepsis and other maternal infections | Other direct maternal disorders",9,FALSE,NA,NA,NA
"Maternal hemorrhage","367",4,"Maternal disorders","Ectopic pregnancy | Indirect maternal deaths | Late maternal deaths | Maternal abortion and miscarriage | Maternal deaths aggravated by HIV/AIDS | Maternal hypertensive disorders | Maternal obstructed labor and uterine rupture | Maternal sepsis and other maternal infections | Other direct maternal disorders",9,FALSE,NA,NA,NA
"Maternal hypertensive disorders","369",4,"Maternal disorders","Ectopic pregnancy | Indirect maternal deaths | Late maternal deaths | Maternal abortion and miscarriage | Maternal deaths aggravated by HIV/AIDS | Maternal hemorrhage | Maternal obstructed labor and uterine rupture | Maternal sepsis and other maternal infections | Other direct maternal disorders",9,FALSE,NA,NA,NA
"Maternal obstructed labor and uterine rupture","370",4,"Maternal disorders","Ectopic pregnancy | Indirect maternal deaths | Late maternal deaths | Maternal abortion and miscarriage | Maternal deaths aggravated by HIV/AIDS | Maternal hemorrhage | Maternal hypertensive disorders | Maternal sepsis and other maternal infections | Other direct maternal disorders",9,FALSE,NA,NA,NA
"Maternal sepsis and other maternal infections","368",4,"Maternal disorders","Ectopic pregnancy | Indirect maternal deaths | Late maternal deaths | Maternal abortion and miscarriage | Maternal deaths aggravated by HIV/AIDS | Maternal hemorrhage | Maternal hypertensive disorders | Maternal obstructed labor and uterine rupture | Other direct maternal disorders",9,FALSE,NA,NA,NA
"Migraine","547",4,"Headache disorders","Tension-type headache",1,FALSE,NA,NA,NA
"Multidrug-resistant tuberculosis without extensive drug resistance","946",4,"Tuberculosis","Drug-susceptible tuberculosis | Extensively drug-resistant tuberculosis | Latent tuberculosis infection",3,FALSE,NA,NA,NA
"Myelodysplastic, myeloproliferative, and other hematopoietic neoplasms","964",4,"Other neoplasms","Benign and in situ cervical and uterine neoplasms | Benign and in situ intestinal neoplasms | Other benign and in situ neoplasms",3,FALSE,NA,NA,NA
"Myocarditis","942",4,"Cardiomyopathy and myocarditis","Alcoholic cardiomyopathy | Other cardiomyopathy",2,FALSE,NA,NA,NA
"Near vision loss","1000",4,"Blindness and vision loss","Age-related macular degeneration | Cataract | Glaucoma | Other vision loss | Refraction disorders",5,FALSE,NA,NA,NA
"Neonatal encephalopathy due to birth asphyxia and trauma","382",4,"Neonatal disorders","Hemolytic disease and other neonatal jaundice | Neonatal preterm birth | Neonatal sepsis and other neonatal infections | Other neonatal disorders",4,FALSE,NA,NA,NA
"Neonatal preterm birth","381",4,"Neonatal disorders","Hemolytic disease and other neonatal jaundice | Neonatal encephalopathy due to birth asphyxia and trauma | Neonatal sepsis and other neonatal infections | Other neonatal disorders",4,FALSE,NA,NA,NA
"Neonatal sepsis and other neonatal infections","383",4,"Neonatal disorders","Hemolytic disease and other neonatal jaundice | Neonatal encephalopathy due to birth asphyxia and trauma | Neonatal preterm birth | Other neonatal disorders",4,FALSE,NA,NA,NA
"Neural tube defects","642",4,"Congenital birth defects","Congenital heart anomalies | Congenital musculoskeletal and limb anomalies | Digestive congenital anomalies | Down syndrome | Klinefelter syndrome | Orofacial clefts | Other chromosomal abnormalities | Other congenital birth defects | Turner syndrome | Urogenital congenital anomalies",10,FALSE,NA,NA,NA
"Non-melanoma skin cancer (basal-cell carcinoma)","850",4,"Non-melanoma skin cancer","Non-melanoma skin cancer (squamous-cell carcinoma)",1,FALSE,NA,NA,NA
"Non-melanoma skin cancer (squamous-cell carcinoma)","849",4,"Non-melanoma skin cancer","Non-melanoma skin cancer (basal-cell carcinoma)",1,FALSE,NA,NA,NA
"Non-rheumatic calcific aortic valve disease","968",4,"Non-rheumatic valvular heart disease","Non-rheumatic degenerative mitral valve disease | Other non-rheumatic valve diseases",2,FALSE,NA,NA,NA
"Non-rheumatic degenerative mitral valve disease","969",4,"Non-rheumatic valvular heart disease","Non-rheumatic calcific aortic valve disease | Other non-rheumatic valve diseases",2,FALSE,NA,NA,NA
"Nonalcoholic fatty liver disease including cirrhosis","971",4,"Cirrhosis","Chronic hepatitis B including cirrhosis | Chronic hepatitis C including cirrhosis | Cirrhosis due to alcohol | Cirrhosis due to other causes",4,FALSE,NA,NA,NA
"Opioid use disorders","562",4,"Drug use disorders","Amphetamine use disorders | Cannabis use disorders | Cocaine use disorders | Other drug use disorders",4,FALSE,NA,NA,NA
"Orofacial clefts","644",4,"Congenital birth defects","Congenital heart anomalies | Congenital musculoskeletal and limb anomalies | Digestive congenital anomalies | Down syndrome | Klinefelter syndrome | Neural tube defects | Other chromosomal abnormalities | Other congenital birth defects | Turner syndrome | Urogenital congenital anomalies",10,FALSE,NA,NA,NA
"Osteoarthritis hand","1016",4,"Osteoarthritis","Osteoarthritis hip | Osteoarthritis knee | Osteoarthritis other",3,FALSE,NA,NA,NA
"Osteoarthritis hip","1014",4,"Osteoarthritis","Osteoarthritis hand | Osteoarthritis knee | Osteoarthritis other",3,FALSE,NA,NA,NA
"Osteoarthritis knee","1015",4,"Osteoarthritis","Osteoarthritis hand | Osteoarthritis hip | Osteoarthritis other",3,FALSE,NA,NA,NA
"Osteoarthritis other","1017",4,"Osteoarthritis","Osteoarthritis hand | Osteoarthritis hip | Osteoarthritis knee",3,FALSE,NA,NA,NA
"Other benign and in situ neoplasms","1164",4,"Other neoplasms","Benign and in situ cervical and uterine neoplasms | Benign and in situ intestinal neoplasms | Myelodysplastic, myeloproliferative, and other hematopoietic neoplasms",3,TRUE,NA,NA,NA
"Other cardiomyopathy","944",4,"Cardiomyopathy and myocarditis","Alcoholic cardiomyopathy | Myocarditis",2,TRUE,NA,NA,NA
"Other chromosomal abnormalities","648",4,"Congenital birth defects","Congenital heart anomalies | Congenital musculoskeletal and limb anomalies | Digestive congenital anomalies | Down syndrome | Klinefelter syndrome | Neural tube defects | Orofacial clefts | Other congenital birth defects | Turner syndrome | Urogenital congenital anomalies",10,TRUE,NA,NA,NA
"Other congenital birth defects","652",4,"Congenital birth defects","Congenital heart anomalies | Congenital musculoskeletal and limb anomalies | Digestive congenital anomalies | Down syndrome | Klinefelter syndrome | Neural tube defects | Orofacial clefts | Other chromosomal abnormalities | Turner syndrome | Urogenital congenital anomalies",10,TRUE,NA,NA,NA
"Other direct maternal disorders","1160",4,"Maternal disorders","Ectopic pregnancy | Indirect maternal deaths | Late maternal deaths | Maternal abortion and miscarriage | Maternal deaths aggravated by HIV/AIDS | Maternal hemorrhage | Maternal hypertensive disorders | Maternal obstructed labor and uterine rupture | Maternal sepsis and other maternal infections",9,TRUE,NA,NA,NA
"Other drug use disorders","566",4,"Drug use disorders","Amphetamine use disorders | Cannabis use disorders | Cocaine use disorders | Opioid use disorders",4,TRUE,NA,NA,NA
"Other endocrine, metabolic, blood, and immune disorders","625",4,"Endocrine, metabolic, blood, and immune disorders","Thyroid diseases",1,TRUE,NA,NA,NA
"Other eye cancers","1010",4,"Eye cancer","Retinoblastoma",1,TRUE,NA,NA,NA
"Other gynecological diseases","612",4,"Gynecological diseases","Endometriosis | Female infertility | Genital prolapse | Polycystic ovarian syndrome | Premenstrual syndrome | Uterine fibroids",6,TRUE,NA,NA,NA
"Other hemoglobinopathies and hemolytic anemias","618",4,"Hemoglobinopathies and hemolytic anemias","G6PD deficiency | G6PD trait | Sickle cell disorders | Sickle cell trait | Thalassemias | Thalassemias trait",6,TRUE,NA,NA,NA
"Other leukemia","943",4,"Leukemia","Acute lymphoid leukemia | Acute myeloid leukemia | Chronic lymphoid leukemia | Chronic myeloid leukemia",4,TRUE,NA,NA,NA
"Other neonatal disorders","385",4,"Neonatal disorders","Hemolytic disease and other neonatal jaundice | Neonatal encephalopathy due to birth asphyxia and trauma | Neonatal preterm birth | Neonatal sepsis and other neonatal infections",4,TRUE,NA,NA,NA
"Other non-Hodgkin lymphoma","1007",4,"Non-Hodgkin lymphoma","Burkitt lymphoma",1,TRUE,NA,NA,NA
"Other non-rheumatic valve diseases","970",4,"Non-rheumatic valvular heart disease","Non-rheumatic calcific aortic valve disease | Non-rheumatic degenerative mitral valve disease",2,TRUE,NA,NA,NA
"Other oral disorders","685",4,"Oral disorders","Caries of deciduous teeth | Caries of permanent teeth | Edentulism | Periodontal diseases",4,TRUE,NA,NA,NA
"Other pneumoconiosis","514",4,"Pneumoconiosis","Asbestosis | Coal workers pneumoconiosis | Silicosis",3,TRUE,NA,NA,NA
"Other sexually transmitted infections","399",4,"Sexually transmitted infections excluding HIV","Chlamydial infection | Genital herpes | Gonococcal infection | Syphilis | Trichomoniasis",5,TRUE,NA,NA,NA
"Other urinary diseases","602",4,"Urinary diseases and male infertility","Benign prostatic hyperplasia | Male infertility | Urinary tract infections and interstitial nephritis | Urolithiasis",4,TRUE,NA,NA,NA
"Other vision loss","1162",4,"Blindness and vision loss","Age-related macular degeneration | Cataract | Glaucoma | Near vision loss | Refraction disorders",5,TRUE,NA,NA,NA
"Paratyphoid fever","320",4,"Typhoid and paratyphoid","Typhoid fever",1,FALSE,NA,NA,NA
"Peptic ulcer disease","527",4,"Upper digestive system diseases","Gastritis and duodenitis | Gastroesophageal reflux disease",2,FALSE,NA,NA,NA
"Periodontal diseases","683",4,"Oral disorders","Caries of deciduous teeth | Caries of permanent teeth | Edentulism | Other oral disorders",4,FALSE,NA,NA,NA
"Polycystic ovarian syndrome","605",4,"Gynecological diseases","Endometriosis | Female infertility | Genital prolapse | Other gynecological diseases | Premenstrual syndrome | Uterine fibroids",6,FALSE,NA,NA,NA
"Premenstrual syndrome","609",4,"Gynecological diseases","Endometriosis | Female infertility | Genital prolapse | Other gynecological diseases | Polycystic ovarian syndrome | Uterine fibroids",6,FALSE,NA,NA,NA
"Pyoderma","657",4,"Bacterial skin diseases","Cellulitis",1,FALSE,NA,NA,NA
"Refraction disorders","999",4,"Blindness and vision loss","Age-related macular degeneration | Cataract | Glaucoma | Near vision loss | Other vision loss",5,FALSE,NA,NA,NA
"Retinoblastoma","1009",4,"Eye cancer","Other eye cancers",1,FALSE,NA,NA,NA
"Seborrhoeic dermatitis","979",4,"Dermatitis","Atopic dermatitis | Contact dermatitis",2,FALSE,NA,NA,NA
"Sickle cell disorders","615",4,"Hemoglobinopathies and hemolytic anemias","G6PD deficiency | G6PD trait | Other hemoglobinopathies and hemolytic anemias | Sickle cell trait | Thalassemias | Thalassemias trait",6,FALSE,NA,NA,NA
"Sickle cell trait","838",4,"Hemoglobinopathies and hemolytic anemias","G6PD deficiency | G6PD trait | Other hemoglobinopathies and hemolytic anemias | Sickle cell disorders | Thalassemias | Thalassemias trait",6,FALSE,NA,NA,NA
"Silicosis","511",4,"Pneumoconiosis","Asbestosis | Coal workers pneumoconiosis | Other pneumoconiosis",3,FALSE,NA,NA,NA
"Subarachnoid hemorrhage","497",4,"Stroke","Intracerebral hemorrhage | Ischemic stroke",2,FALSE,NA,NA,NA
"Syphilis","394",4,"Sexually transmitted infections excluding HIV","Chlamydial infection | Genital herpes | Gonococcal infection | Other sexually transmitted infections | Trichomoniasis",5,FALSE,NA,NA,NA
"Tension-type headache","548",4,"Headache disorders","Migraine",1,FALSE,NA,NA,NA
"Thalassemias","614",4,"Hemoglobinopathies and hemolytic anemias","G6PD deficiency | G6PD trait | Other hemoglobinopathies and hemolytic anemias | Sickle cell disorders | Sickle cell trait | Thalassemias trait",6,FALSE,NA,NA,NA
"Thalassemias trait","837",4,"Hemoglobinopathies and hemolytic anemias","G6PD deficiency | G6PD trait | Other hemoglobinopathies and hemolytic anemias | Sickle cell disorders | Sickle cell trait | Thalassemias",6,FALSE,NA,NA,NA
"Thyroid diseases","1032",4,"Endocrine, metabolic, blood, and immune disorders","Other endocrine, metabolic, blood, and immune disorders",1,FALSE,NA,NA,NA
"Trichomoniasis","397",4,"Sexually transmitted infections excluding HIV","Chlamydial infection | Genital herpes | Gonococcal infection | Other sexually transmitted infections | Syphilis",5,FALSE,NA,NA,NA
"Trichuriasis","362",4,"Intestinal nematode infections","Ascariasis | Hookworm disease",2,FALSE,NA,NA,NA
"Turner syndrome","646",4,"Congenital birth defects","Congenital heart anomalies | Congenital musculoskeletal and limb anomalies | Digestive congenital anomalies | Down syndrome | Klinefelter syndrome | Neural tube defects | Orofacial clefts | Other chromosomal abnormalities | Other congenital birth defects | Urogenital congenital anomalies",10,FALSE,NA,NA,NA
"Typhoid fever","319",4,"Typhoid and paratyphoid","Paratyphoid fever",1,FALSE,NA,NA,NA
"Ulcerative colitis","1024",4,"Inflammatory bowel disease","Crohn's disease",1,FALSE,NA,NA,NA
"Urinary tract infections and interstitial nephritis","595",4,"Urinary diseases and male infertility","Benign prostatic hyperplasia | Male infertility | Other urinary diseases | Urolithiasis",4,FALSE,NA,NA,NA
"Urogenital congenital anomalies","650",4,"Congenital birth defects","Congenital heart anomalies | Congenital musculoskeletal and limb anomalies | Digestive congenital anomalies | Down syndrome | Klinefelter syndrome | Neural tube defects | Orofacial clefts | Other chromosomal abnormalities | Other congenital birth defects | Turner syndrome",10,FALSE,NA,NA,NA
"Urolithiasis","596",4,"Urinary diseases and male infertility","Benign prostatic hyperplasia | Male infertility | Other urinary diseases | Urinary tract infections and interstitial nephritis",4,FALSE,NA,NA,NA
"Uterine fibroids","604",4,"Gynecological diseases","Endometriosis | Female infertility | Genital prolapse | Other gynecological diseases | Polycystic ovarian syndrome | Premenstrual syndrome",6,FALSE,NA,NA,NA
"Visceral leishmaniasis","348",4,"Leishmaniasis","Cutaneous and mucocutaneous leishmaniasis",1,FALSE,NA,NA,NA
